Date,Abertura,Maxima,Minima,Fechamento,Fechamento_Ajustado,Volume,Dividendos,Desdobramentos
2023-01-02,291.2574882155894,291.2574882155894,278.5880569863108,286.1859130859375,0.0,900,0.0,0.0
2023-01-03,291.24480081077377,296.3163757324219,291.24480081077377,296.3163757324219,0.0,500,0.0,0.0
2023-01-04,296.3163757324219,296.3163757324219,296.3163757324219,296.3163757324219,0.0,0,0.0,0.0
2023-01-05,288.85782658720007,288.85782658720007,284.4004122651619,286.1859130859375,0.0,700,0.0,0.0
2023-01-06,286.1859130859375,286.1859130859375,286.1859130859375,286.1859130859375,0.0,0,0.0,0.0
2023-01-09,286.1859130859375,286.1859130859375,286.1859130859375,286.1859130859375,0.0,0,0.0,0.0
2023-01-10,284.91961669921875,284.91961669921875,284.91961669921875,284.91961669921875,0.0,100,0.0,0.0
2023-01-11,284.91961669921875,284.91961669921875,284.91961669921875,284.91961669921875,0.0,0,0.0,0.0
2023-01-12,284.91961669921875,284.91961669921875,284.91961669921875,284.91961669921875,0.0,0,0.0,0.0
2023-01-13,272.25648397669437,284.9132385253906,272.25648397669437,284.9132385253906,0.0,200,0.0,0.0
2023-01-16,284.91955301036006,309.5999248027235,284.91955301036006,291.2510986328125,0.0,700,0.0,0.0
2023-01-17,291.2510986328125,291.2510986328125,291.2510986328125,291.2510986328125,0.0,0,0.0,0.0
2023-01-18,291.2510986328125,291.2510986328125,291.2510986328125,291.2510986328125,0.0,0,0.0,0.0
2023-01-19,291.2510986328125,291.2510986328125,291.2510986328125,291.2510986328125,0.0,0,0.0,0.0
2023-01-20,291.2510986328125,291.2510986328125,291.2510986328125,291.2510986328125,0.0,0,0.0,0.0
2023-01-23,291.2510986328125,291.2510986328125,291.2510986328125,291.2510986328125,0.0,0,0.0,0.0
2023-01-24,291.2510986328125,291.2510986328125,291.2510986328125,291.2510986328125,0.0,200,0.0,0.0
2023-01-25,291.2510986328125,291.2510986328125,291.2510986328125,291.2510986328125,0.0,0,0.0,0.0
2023-01-26,291.2510986328125,291.2510986328125,291.2510986328125,291.2510986328125,0.0,100,0.0,0.0
2023-01-27,291.2510986328125,291.2510986328125,291.2510986328125,291.2510986328125,0.0,0,0.0,0.0
2023-01-30,291.2510986328125,291.2510986328125,291.2510986328125,291.2510986328125,0.0,0,0.0,0.0
2023-01-31,291.2510986328125,291.2510986328125,291.2510986328125,291.2510986328125,0.0,0,0.0,0.0
2023-02-01,291.2510986328125,291.2510986328125,291.2510986328125,291.2510986328125,0.0,0,0.0,0.0
2023-02-02,279.22116195015286,291.2510986328125,279.22116195015286,291.2510986328125,0.0,200,0.0,0.0
2023-02-03,279.22116195015286,291.2510986328125,279.22116195015286,291.2510986328125,0.0,400,0.0,0.0
2023-02-06,284.0521860532436,288.07904052734375,284.0331921858128,288.07904052734375,0.0,600,0.0,0.0
2023-02-07,288.7185508698682,288.7185508698682,280.36090087890625,280.36090087890625,0.0,800,0.0,0.0
2023-02-08,284.91961669921875,284.91961669921875,284.91961669921875,284.91961669921875,0.0,100,0.0,0.0
2023-02-09,279.227522458876,284.9195762546801,279.2211847295865,284.9132385253906,0.0,900,0.0,0.0
2023-02-10,280.49383274373406,281.12064963070605,275.4222580841377,278.2714538574219,0.0,2000,0.0,0.0
2023-02-13,278.2714538574219,278.2714538574219,278.2714538574219,278.2714538574219,0.0,0,0.0,0.0
2023-02-14,276.09344909136905,277.9549255371094,272.2565329862347,277.9549255371094,0.0,800,0.0,0.0
2023-02-15,278.5880432128906,278.5880432128906,278.5880432128906,278.5880432128906,0.0,100,0.0,0.0
2023-02-16,278.588003385661,278.588003385661,278.46136474609375,278.46136474609375,0.0,200,0.0,0.0
2023-02-17,278.46136474609375,278.46136474609375,278.46136474609375,278.46136474609375,0.0,0,0.0,0.0
2023-02-22,278.46136474609375,278.46136474609375,278.46136474609375,278.46136474609375,0.0,0,0.0,0.0
2023-02-23,278.5880432128906,278.5880432128906,278.5880432128906,278.5880432128906,0.0,100,0.0,0.0
2023-02-24,278.58804620048863,278.58804620048863,277.3153991699219,277.3153991699219,0.0,200,0.0,0.0
2023-02-27,278.5880432128906,278.5880432128906,278.5880432128906,278.5880432128906,0.0,300,0.0,0.0
2023-02-28,278.5943678449768,284.9132385253906,278.5880301156872,284.9132385253906,0.0,400,0.0,0.0
2023-03-01,284.9259544294079,284.9259544294079,279.22756209542354,284.91961669921875,0.0,700,0.0,0.0
2023-03-02,284.91958818767046,284.91958818767046,278.69568657420325,284.8942565917969,0.0,500,0.0,0.0
2023-03-03,284.8942565917969,284.8942565917969,284.8942565917969,284.8942565917969,0.0,0,0.0,0.0
2023-03-06,284.91961669921875,284.91961669921875,284.91961669921875,284.91961669921875,0.0,100,0.0,0.0
2023-03-07,288.0853576660156,288.0853576660156,288.0853576660156,288.0853576660156,0.0,100,0.0,0.0
2023-03-08,288.0853576660156,288.0853576660156,288.0853576660156,288.0853576660156,0.0,0,0.0,0.0
2023-03-09,288.0853576660156,288.0853576660156,288.0853576660156,288.0853576660156,0.0,100,0.0,0.0
2023-03-10,281.27264404296875,281.27264404296875,281.27264404296875,281.27264404296875,0.0,100,0.0,0.0
2023-03-13,284.91961669921875,284.91961669921875,284.91961669921875,284.91961669921875,0.0,100,0.0,0.0
2023-03-14,284.91961669921875,284.91961669921875,284.91961669921875,284.91961669921875,0.0,100,0.0,0.0
2023-03-15,284.91961669921875,284.91961669921875,284.91961669921875,284.91961669921875,0.0,0,0.0,0.0
2023-03-16,284.91961669921875,284.91961669921875,284.91961669921875,284.91961669921875,0.0,0,0.0,0.0
2023-03-17,284.91961669921875,284.91961669921875,284.91961669921875,284.91961669921875,0.0,0,0.0,0.0
2023-03-20,284.91961669921875,284.91961669921875,284.91961669921875,284.91961669921875,0.0,0,0.0,0.0
2023-03-21,277.3280979840954,284.91961669921875,277.3280979840954,284.91961669921875,0.0,400,0.0,0.0
2023-03-22,280.01899515855797,280.01899515855797,276.7202453613281,276.7202453613281,0.0,600,0.0,0.0
2023-03-23,274.78910587452077,274.78910587452077,269.72386889987524,273.5227966308594,0.0,400,0.0,0.0
2023-03-24,273.5227966308594,273.5227966308594,273.5227966308594,273.5227966308594,0.0,0,0.0,0.0
2023-03-27,266.66806989454466,273.0303039550781,263.5059910264126,273.0303039550781,0.0,1800,1.224368,0.0
2023-03-28,266.75059766302445,273.0303039550781,266.75059766302445,273.0303039550781,0.0,600,0.0,0.0
2023-03-29,264.78231498661285,273.0303656457432,263.5060505650777,266.0458679199219,0.0,2600,0.0,0.0
2023-03-30,273.6652968450052,273.6652968450052,266.23632395932674,273.02398681640625,0.0,900,0.0,0.0
2023-03-31,267.315751509233,272.3953857421875,264.1409801136364,272.3953857421875,0.0,1400,0.0,0.0
2023-04-03,266.70616566890106,266.70616566890106,264.4139709472656,264.4139709472656,0.0,600,0.0,0.0
2023-04-04,264.4139709472656,264.4139709472656,264.4139709472656,264.4139709472656,0.0,0,0.0,0.0
2023-04-05,258.572458901463,258.572458901463,255.2452850341797,255.2452850341797,0.0,1400,0.0,0.0
2023-04-06,260.3312754205609,260.3312754205609,255.2452850341797,255.2452850341797,0.0,200,0.0,0.0
2023-04-10,245.09864448843632,245.09864448843632,234.93302289177387,237.47283935546875,0.0,2500,0.0,0.0
2023-04-11,228.58990297501757,234.93309020996094,228.58354723131336,234.93309020996094,0.0,700,0.0,0.0
2023-04-12,234.93309020996094,234.93309020996094,234.93309020996094,234.93309020996094,0.0,0,0.0,0.0
2023-04-13,228.90735336259007,238.1078338623047,228.5835205078125,238.1078338623047,0.0,1500,0.0,0.0
2023-04-14,238.1078338623047,238.1078338623047,238.1078338623047,238.1078338623047,0.0,0,0.0,0.0
2023-04-17,238.1078338623047,238.1078338623047,238.1078338623047,238.1078338623047,0.0,0,0.0,0.0
2023-04-18,238.1078338623047,238.1078338623047,238.1078338623047,238.1078338623047,0.0,0,0.0,0.0
2023-04-19,238.1078338623047,238.1078338623047,238.1078338623047,238.1078338623047,0.0,0,0.0,0.0
2023-04-20,229.99313952693083,234.92672729492188,228.58354025360958,234.92672729492188,0.0,1700,0.0,0.0
2023-04-24,228.66608466964797,231.751953125,228.5835375140719,231.751953125,0.0,1500,0.0,0.0
2023-04-25,228.93909651410777,229.84707641601562,228.58352369409818,229.84707641601562,0.0,1500,0.0,0.0
2023-04-26,227.94854704682882,229.19305179448693,227.31994861920674,227.82154846191406,0.0,1300,0.0,0.0
2023-04-27,225.4151219031438,231.751953125,225.40876615970978,231.751953125,0.0,400,0.0,0.0
2023-04-28,228.5962137978609,236.20297241210938,227.95492320521785,236.20297241210938,0.0,2200,0.0,0.0
2023-05-02,228.5962651626956,233.6632080078125,225.4088012031887,233.6632080078125,0.0,2600,0.0,0.0
2023-05-03,229.21849032518966,233.2567901611328,228.58353605836086,233.2567901611328,0.0,2400,0.0,0.0
2023-05-04,228.71682928748976,229.2184484923726,227.9421844482422,227.9421844482422,0.0,2600,0.0,0.0
2023-05-05,226.1199036158495,226.361189330365,224.77380371093747,224.7738037109375,0.0,1900,0.0,0.0
2023-05-08,225.41513870289205,225.41513870289205,225.40878295898435,225.40878295898438,0.0,200,0.0,0.0
2023-05-09,225.40878295898435,225.40878295898435,225.40878295898435,225.40878295898438,0.0,0,0.0,0.0
2023-05-10,222.3926963283591,231.75827026367188,222.23395778708263,231.75827026367188,0.0,2100,0.0,0.0
2023-05-11,228.58989599711978,234.92672729492188,228.58354025360958,234.92672729492188,0.0,400,0.0,0.0
2023-05-12,228.60257266613473,234.86956787109375,228.5835248141575,234.86956787109375,0.0,1600,0.0,0.0
2023-05-15,229.26294598212962,234.92672729492188,229.26294598212962,234.92672729492188,0.0,200,0.0,0.0
2023-05-16,231.77095316726968,231.77095316726968,230.23437500000003,230.234375,0.0,2400,0.0,0.0
2023-05-17,227.31994685030557,231.75827026367188,227.31359110793022,231.75827026367188,0.0,1700,0.0,0.0
2023-05-18,227.33265991216527,238.1078338623047,227.3136120605469,238.1078338623047,0.0,1500,0.0,0.0
2023-05-19,231.7836740572352,240.6476287841797,231.75827046497517,240.6476287841797,0.0,2100,0.0,0.0
2023-05-22,235.70086418071892,235.70086418071892,235.56707763671875,235.56707763671875,0.0,2900,1.224368,0.0
2023-05-23,234.42686279293193,235.69451083307683,234.4204864501953,234.4204864501953,0.0,2300,0.0,0.0
2023-05-24,234.42685759573973,234.45232408598287,234.22938537597656,234.22938537597656,0.0,800,0.0,0.0
2023-05-25,234.43951252806156,237.28695678710938,234.4204029467282,237.28695678710938,0.0,2000,0.0,0.0
2023-05-26,235.7008727070989,242.0009127848781,234.42684840242455,240.981689453125,0.0,2300,0.0,0.0
2023-05-29,242.06458783996848,242.08369742456375,241.96903991699216,241.9690399169922,0.0,1800,0.0,0.0
2023-05-30,242.0709917006213,245.88668823242188,242.0709917006213,245.88668823242188,0.0,1000,0.0,0.0
2023-05-31,247.16703140603258,250.98272705078128,247.16703140603258,250.98272705078125,0.0,2000,0.0,0.0
2023-06-01,250.9891472186865,256.71587985619567,249.70874665912828,254.16783142089844,0.0,1600,0.0,0.0
2023-06-02,250.98913034129603,254.16143798828122,250.9827539998152,254.16143798828125,0.0,1900,0.0,0.0
2023-06-05,262.4490051269531,262.4490051269531,262.4490051269531,262.4490051269531,0.0,100,0.0,0.0
2023-06-06,266.2710266113281,266.2710266113281,266.2710266113281,266.2710266113281,0.0,100,0.0,0.0
2023-06-07,266.2710266113281,266.2710266113281,266.2710266113281,266.2710266113281,0.0,0,0.0,0.0
2023-06-09,266.27742664042324,267.5450744628906,266.27742664042324,267.5450744628906,0.0,1000,0.0,0.0
2023-06-12,267.5641840477496,267.6979511417626,267.5450744628906,267.5450744628906,0.0,1500,0.0,0.0
2023-06-13,267.6470174543773,273.9088381054436,266.9080810546875,266.9080810546875,0.0,1600,0.0,0.0
2023-06-14,267.55146439940745,267.55146439940745,264.0733642578125,264.0733642578125,0.0,1900,0.0,0.0
2023-06-15,274.5522155761719,274.5522155761719,274.5522155761719,274.5522155761719,0.0,100,0.0,0.0
2023-06-16,271.25885009765625,271.25885009765625,271.25885009765625,271.25885009765625,0.0,100,0.0,0.0
2023-06-19,271.25885009765625,271.25885009765625,271.25885009765625,271.25885009765625,0.0,0,0.0,0.0
2023-06-20,267.5514176615139,267.5514176615139,267.4494934082031,267.4494934082031,0.0,800,0.0,0.0
2023-06-21,266.9144149777885,266.9144149777885,266.2710266113281,266.2710266113281,0.0,600,0.0,0.0
2023-06-22,266.27746215764057,266.27746215764057,266.26470947265625,266.26470947265625,0.0,200,0.0,0.0
2023-06-23,266.26470947265625,266.26470947265625,266.26470947265625,266.26470947265625,0.0,0,0.0,0.0
2023-06-26,265.64041512577387,265.64041512577387,265.61492919921875,265.61492919921875,0.0,200,0.0,0.0
2023-06-27,264.9970241875474,264.9970241875474,264.9333190917969,264.9333190917969,0.0,200,0.0,0.0
2023-06-28,264.36001517344624,264.36001517344624,264.23260498046875,264.23260498046875,0.0,200,0.0,0.0
2023-06-29,264.684896435287,267.5450744628906,261.21954915370526,267.5450744628906,0.0,400,0.0,0.0
2023-06-30,267.557815451122,267.8699645996094,267.5514585493623,267.8699645996094,0.0,500,0.0,0.0
2023-07-03,267.86994863949815,267.86994863949815,267.4686279296875,267.4686279296875,0.0,700,0.0,0.0
2023-07-04,267.2265625,267.2265625,267.2265625,267.2265625,0.0,100,0.0,0.0
2023-07-05,267.5451485009507,267.5451485009507,267.5133056640625,267.5133056640625,0.0,200,0.0,0.0
2023-07-06,267.87774658203125,267.87774658203125,267.87774658203125,267.87774658203125,0.0,0,0.571372,0.0
2023-07-07,267.91598406420036,271.0989990234375,267.91598406420036,271.0989990234375,0.0,200,0.0,0.0
2023-07-10,271.0989990234375,271.0989990234375,271.0989990234375,271.0989990234375,0.0,0,0.0,0.0
2023-07-11,267.9095615120821,274.2883605957031,267.9095615120821,274.2883605957031,0.0,200,0.0,0.0
2023-07-12,274.2883605957031,274.2883605957031,274.2883605957031,274.2883605957031,0.0,0,0.0,0.0
2023-07-13,274.29476758264866,280.6607971191406,274.29476758264866,280.6607971191406,0.0,300,0.0,0.0
2023-07-14,280.6607971191406,280.6607971191406,280.6607971191406,280.6607971191406,0.0,0,0.0,0.0
2023-07-17,280.6607971191406,280.6607971191406,280.6607971191406,280.6607971191406,0.0,0,0.0,0.0
2023-07-18,280.6607971191406,280.6607971191406,280.6607971191406,280.6607971191406,0.0,0,0.0,0.0
2023-07-19,280.6607971191406,280.6607971191406,280.6607971191406,280.6607971191406,0.0,0,0.0,0.0
2023-07-20,280.6607971191406,280.6607971191406,280.6607971191406,280.6607971191406,0.0,0,0.0,0.0
2023-07-21,290.2353820800781,290.2353820800781,290.2353820800781,290.2353820800781,0.0,100,0.0,0.0
2023-07-24,277.9498103946094,277.9498103946094,248.16082763671875,248.16082763671875,0.0,2000,0.0,0.0
2023-07-25,239.88116205050298,239.88116205050298,223.5769500732422,223.5769500732422,0.0,600,0.0,0.0
2023-07-26,207.31738281249997,207.31738281249997,207.31738281249997,207.3173828125,0.0,200,0.0,0.0
2023-07-27,207.31738281249997,207.31738281249997,207.31738281249997,207.3173828125,0.0,0,0.0,0.0
2023-07-28,207.31738281249997,207.31738281249997,207.31738281249997,207.3173828125,0.0,0,0.0,0.0
2023-07-31,204.14073181152344,204.14073181152344,204.14073181152344,204.14073181152344,0.0,100,0.0,0.0
2023-08-01,204.14073181152344,204.14073181152344,204.14073181152344,204.14073181152344,0.0,0,0.0,0.0
2023-08-02,204.14073181152344,204.14073181152344,204.14073181152344,204.14073181152344,0.0,0,0.0,0.0
2023-08-03,204.14073181152344,204.14073181152344,204.14073181152344,204.14073181152344,0.0,0,0.0,0.0
2023-08-04,201.44203028185615,202.74165628367456,168.95138023639547,188.44577026367188,0.0,4800,5.876965,0.0
2023-08-07,201.4355374880381,201.44204196425449,200.13591141084936,201.34457397460938,0.0,500,0.0,0.0
2023-08-08,201.34457397460938,201.34457397460938,201.34457397460938,201.34457397460938,0.0,0,0.0,0.0
2023-08-09,201.34457397460938,201.34457397460938,201.34457397460938,201.34457397460938,0.0,0,0.0,0.0
2023-08-10,201.34457397460938,201.34457397460938,201.34457397460938,201.34457397460938,0.0,0,0.0,0.0
2023-08-11,201.34457397460938,201.34457397460938,201.34457397460938,201.34457397460938,0.0,0,0.0,0.0
2023-08-14,201.34457397460938,201.34457397460938,201.34457397460938,201.34457397460938,0.0,0,0.0,0.0
2023-08-15,201.34457397460938,201.34457397460938,201.34457397460938,201.34457397460938,0.0,0,0.0,0.0
2023-08-16,201.34457397460938,201.34457397460938,201.34457397460938,201.34457397460938,0.0,200,0.0,0.0
2023-08-17,201.34457397460938,201.34457397460938,201.34457397460938,201.34457397460938,0.0,0,0.0,0.0
2023-08-18,201.34457397460938,201.34457397460938,201.34457397460938,201.34457397460938,0.0,0,0.0,0.0
2023-08-21,201.44204711914062,201.44204711914062,201.44204711914062,201.44204711914062,0.0,100,0.0,0.0
2023-08-22,201.44204711914062,201.44204711914062,201.44204711914062,201.44204711914062,0.0,0,0.0,0.0
2023-08-23,201.44204711914062,201.44204711914062,201.44204711914062,201.44204711914062,0.0,0,0.0,0.0
2023-08-24,207.94015502929688,207.94015502929688,207.94015502929688,207.94015502929688,0.0,100,0.0,0.0
2023-08-25,207.94015502929688,207.94015502929688,207.94015502929688,207.94015502929688,0.0,0,0.0,0.0
2023-08-28,207.94015502929688,207.94015502929688,207.94015502929688,207.94015502929688,0.0,0,0.0,0.0
2023-08-29,214.373291015625,214.373291015625,214.373291015625,214.373291015625,0.0,100,0.0,0.0
2023-08-30,219.63031005859378,219.63031005859378,219.63031005859378,219.63031005859375,0.0,100,0.0,0.0
2023-08-31,219.63031005859378,219.63031005859378,219.63031005859378,219.63031005859375,0.0,0,0.0,0.0
2023-09-01,219.63031005859378,219.63031005859378,219.63031005859378,219.63031005859375,0.0,0,0.0,0.0
2023-09-04,224.17898500563805,233.2763671875,224.17898500563805,233.2763671875,0.0,400,0.0,0.0
2023-09-05,239.77452087402344,239.77452087402344,239.77452087402344,239.77452087402344,0.0,100,0.0,0.0
2023-09-06,250.86907958984372,250.86907958984372,250.86907958984372,250.86907958984375,0.0,100,5.795341,0.0
2023-09-08,250.86907958984372,250.86907958984372,250.86907958984372,250.86907958984375,0.0,0,0.0,0.0
2023-09-11,250.86907958984372,250.86907958984372,250.86907958984372,250.86907958984375,0.0,0,0.0,0.0
2023-09-12,250.86907958984372,250.86907958984372,250.86907958984372,250.86907958984375,0.0,0,0.0,0.0
2023-09-13,250.86907958984372,250.86907958984372,250.86907958984372,250.86907958984375,0.0,0,0.0,0.0
2023-09-14,254.17001342773438,254.17001342773438,254.17001342773438,254.17001342773438,0.0,100,0.0,0.0
2023-09-15,254.17001342773438,254.17001342773438,254.17001342773438,254.17001342773438,0.0,100,0.0,0.0
2023-09-18,250.86907958984372,250.86907958984372,250.86907958984372,250.86907958984375,0.0,100,0.0,0.0
2023-09-19,256.1505432128906,256.1505432128906,256.1505432128906,256.1505432128906,0.0,100,0.0,0.0
2023-09-20,256.1505432128906,256.1505432128906,256.1505432128906,256.1505432128906,0.0,0,0.0,0.0
2023-09-21,256.1505432128906,256.1505432128906,256.1505432128906,256.1505432128906,0.0,0,0.0,0.0
2023-09-22,256.1505432128906,256.1505432128906,256.1505432128906,256.1505432128906,0.0,0,0.0,0.0
2023-09-25,256.1505432128906,256.1505432128906,256.1505432128906,256.1505432128906,0.0,0,0.0,0.0
2023-09-26,256.1505432128906,256.1505432128906,256.1505432128906,256.1505432128906,0.0,0,0.0,0.0
2023-09-27,256.1505432128906,256.1505432128906,256.1505432128906,256.1505432128906,0.0,0,0.0,0.0
2023-09-28,256.1505432128906,256.1505432128906,256.1505432128906,256.1505432128906,0.0,0,0.0,0.0
2023-09-29,256.1505432128906,256.1505432128906,256.1505432128906,256.1505432128906,0.0,0,0.0,0.0
2023-10-02,256.1505432128906,256.1505432128906,256.1505432128906,256.1505432128906,0.0,0,0.0,0.0
2023-10-03,256.1505432128906,256.1505432128906,256.1505432128906,256.1505432128906,0.0,0,0.0,0.0
2023-10-04,256.1505432128906,256.1505432128906,256.1505432128906,256.1505432128906,0.0,0,0.0,0.0
2023-10-05,256.1505432128906,256.1505432128906,256.1505432128906,256.1505432128906,0.0,0,0.0,0.0
2023-10-06,256.1505432128906,256.1505432128906,256.1505432128906,256.1505432128906,0.0,0,0.0,0.0
2023-10-09,256.1505432128906,256.1505432128906,256.1505432128906,256.1505432128906,0.0,0,0.0,0.0
2023-10-10,256.1505432128906,256.1505432128906,256.1505432128906,256.1505432128906,0.0,0,0.0,0.0
2023-10-11,256.1505432128906,256.1505432128906,256.1505432128906,256.1505432128906,0.0,0,0.0,0.0
2023-10-13,256.1505432128906,256.1505432128906,256.1505432128906,256.1505432128906,0.0,0,0.0,0.0
2023-10-16,256.1505432128906,256.1505432128906,256.1505432128906,256.1505432128906,0.0,0,0.0,0.0
2023-10-17,263.4059143066406,263.4059143066406,263.4059143066406,263.4059143066406,0.0,100,0.0,0.0
2023-10-18,263.4059143066406,263.4059143066406,263.4059143066406,263.4059143066406,0.0,0,0.0,0.0
2023-10-19,263.4059143066406,263.4059143066406,263.4059143066406,263.4059143066406,0.0,0,0.0,0.0
2023-10-20,263.4059143066406,263.4059143066406,263.4059143066406,263.4059143066406,0.0,0,0.0,0.0
2023-10-23,263.4059143066406,263.4059143066406,263.4059143066406,263.4059143066406,0.0,0,0.0,0.0
2023-10-24,263.4059143066406,263.4059143066406,263.4059143066406,263.4059143066406,0.0,0,0.0,0.0
2023-10-25,263.4059143066406,263.4059143066406,263.4059143066406,263.4059143066406,0.0,0,0.0,0.0
2023-10-26,263.4059143066406,263.4059143066406,263.4059143066406,263.4059143066406,0.0,0,0.0,0.0
2023-10-27,263.4059143066406,263.4059143066406,263.4059143066406,263.4059143066406,0.0,0,0.0,0.0
2023-10-30,263.4059143066406,263.4059143066406,263.4059143066406,263.4059143066406,0.0,0,0.0,0.0
2023-10-31,263.4059143066406,263.4059143066406,263.4059143066406,263.4059143066406,0.0,0,0.0,0.0
2023-11-01,263.4059143066406,263.4059143066406,263.4059143066406,263.4059143066406,0.0,0,0.0,0.0
2023-11-03,263.4059143066406,263.4059143066406,263.4059143066406,263.4059143066406,0.0,0,0.0,0.0
2023-11-06,263.4059143066406,263.4059143066406,263.4059143066406,263.4059143066406,0.0,0,0.0,0.0
2023-11-07,263.4059143066406,263.4059143066406,263.4059143066406,263.4059143066406,0.0,0,0.0,0.0
2023-11-08,263.4059143066406,263.4059143066406,263.4059143066406,263.4059143066406,0.0,0,0.0,0.0
2023-11-09,263.4059143066406,263.4059143066406,263.4059143066406,263.4059143066406,0.0,0,0.0,0.0
2023-11-10,263.4059143066406,263.4059143066406,263.4059143066406,263.4059143066406,0.0,0,0.0,0.0
2023-11-13,245.58761596679688,245.58761596679688,245.58761596679688,245.58761596679688,0.0,100,0.0,0.0
2023-11-14,256.1505432128906,256.1505432128906,256.1505432128906,256.1505432128906,0.0,200,0.0,0.0
2023-11-16,256.1505432128906,256.1505432128906,256.1505432128906,256.1505432128906,0.0,0,0.0,0.0
2023-11-17,256.1505432128906,256.1505432128906,256.1505432128906,256.1505432128906,0.0,0,0.0,0.0
2023-11-20,256.1505432128906,256.1505432128906,256.1505432128906,256.1505432128906,0.0,0,0.0,0.0
2023-11-21,256.1505432128906,256.1505432128906,256.1505432128906,256.1505432128906,0.0,0,0.0,0.0
2023-11-22,256.1505432128906,256.1505432128906,256.1505432128906,256.1505432128906,0.0,0,0.0,0.0
2023-11-23,256.1505432128906,256.1505432128906,256.1505432128906,256.1505432128906,0.0,0,0.0,0.0
2023-11-24,256.1505432128906,256.1505432128906,256.1505432128906,256.1505432128906,0.0,0,0.0,0.0
2023-11-27,256.1505432128906,256.1505432128906,256.1505432128906,256.1505432128906,0.0,0,0.0,0.0
2023-11-28,256.1505432128906,256.1505432128906,256.1505432128906,256.1505432128906,0.0,0,0.0,0.0
2023-11-29,256.1505432128906,256.1505432128906,256.1505432128906,256.1505432128906,0.0,0,0.0,0.0
2023-11-30,256.1505432128906,256.1505432128906,256.1505432128906,256.1505432128906,0.0,0,0.0,0.0
2023-12-01,256.1505432128906,256.1505432128906,256.1505432128906,256.1505432128906,0.0,0,0.0,0.0
2023-12-04,256.1505432128906,256.1505432128906,256.1505432128906,256.1505432128906,0.0,0,0.0,0.0
2023-12-05,263.65020751953125,263.65020751953125,263.65020751953125,263.65020751953125,0.0,100,0.0,0.0
2023-12-06,263.65020751953125,263.65020751953125,263.65020751953125,263.65020751953125,0.0,0,0.0,0.0
2023-12-07,263.65020751953125,263.65020751953125,263.65020751953125,263.65020751953125,0.0,0,0.0,0.0
2023-12-08,263.65020751953125,263.65020751953125,263.65020751953125,263.65020751953125,0.0,0,0.0,0.0
2023-12-11,263.65020751953125,263.65020751953125,263.65020751953125,263.65020751953125,0.0,0,0.0,0.0
2023-12-12,263.65020751953125,263.65020751953125,263.65020751953125,263.65020751953125,0.0,0,0.0,0.0
2023-12-13,263.65020751953125,263.65020751953125,263.65020751953125,263.65020751953125,0.0,0,0.0,0.0
2023-12-14,263.65020751953125,263.65020751953125,263.65020751953125,263.65020751953125,0.0,0,0.0,0.0
2023-12-15,263.65020751953125,263.65020751953125,263.65020751953125,263.65020751953125,0.0,0,0.0,0.0
2023-12-18,263.65020751953125,263.65020751953125,263.65020751953125,263.65020751953125,0.0,0,0.0,0.0
2023-12-19,263.65020751953125,263.65020751953125,263.65020751953125,263.65020751953125,0.0,0,0.0,0.0
2023-12-20,263.65020751953125,263.65020751953125,263.65020751953125,263.65020751953125,0.0,0,0.0,0.0
2023-12-21,263.65020751953125,263.65020751953125,263.65020751953125,263.65020751953125,0.0,0,0.0,0.0
2023-12-22,263.65020751953125,263.65020751953125,263.65020751953125,263.65020751953125,0.0,0,0.0,0.0
2023-12-26,263.65020751953125,263.65020751953125,263.65020751953125,263.65020751953125,0.0,0,0.0,0.0
2023-12-27,263.65020751953125,263.65020751953125,263.65020751953125,263.65020751953125,0.0,0,0.0,0.0
2023-12-28,263.65020751953125,263.65020751953125,263.65020751953125,263.65020751953125,0.0,0,0.0,0.0
2024-01-02,264.7323303222656,264.7323303222656,264.7323303222656,264.7323303222656,0.0,0,1.63249,0.0
2024-01-03,264.7323303222656,264.7323303222656,264.7323303222656,264.7323303222656,0.0,0,0.0,0.0
2024-01-04,265.14996337890625,265.14996337890625,265.14996337890625,265.14996337890625,0.0,200,0.0,0.0
2024-01-05,275.1733703613281,275.1733703613281,275.1733703613281,275.1733703613281,0.0,0,14.569976,0.0
2024-01-08,275.1733703613281,275.1733703613281,275.1733703613281,275.1733703613281,0.0,0,0.0,0.0
2024-01-09,275.1733703613281,275.1733703613281,275.1733703613281,275.1733703613281,0.0,0,0.0,0.0
2024-01-10,275.1733703613281,275.1733703613281,275.1733703613281,275.1733703613281,0.0,0,0.0,0.0
2024-01-11,275.1733703613281,275.1733703613281,275.1733703613281,275.1733703613281,0.0,0,0.0,0.0
2024-01-12,275.1733703613281,275.1733703613281,275.1733703613281,275.1733703613281,0.0,0,0.0,0.0
2024-01-15,275.1733703613281,275.1733703613281,275.1733703613281,275.1733703613281,0.0,0,0.0,0.0
2024-01-16,275.1733703613281,275.1733703613281,275.1733703613281,275.1733703613281,0.0,0,0.0,0.0
2024-01-17,275.1733703613281,275.1733703613281,275.1733703613281,275.1733703613281,0.0,0,0.0,0.0
2024-01-18,275.1733703613281,275.1733703613281,275.1733703613281,275.1733703613281,0.0,0,0.0,0.0
2024-01-19,275.1733703613281,275.1733703613281,275.1733703613281,275.1733703613281,0.0,0,0.0,0.0
2024-01-22,275.1733703613281,275.1733703613281,275.1733703613281,275.1733703613281,0.0,0,0.0,0.0
2024-01-23,275.1733703613281,275.1733703613281,275.1733703613281,275.1733703613281,0.0,0,0.0,0.0
2024-01-24,266.92486572265625,266.92486572265625,266.92486572265625,266.92486572265625,0.0,100,0.0,0.0
2024-01-25,266.92486572265625,266.92486572265625,266.92486572265625,266.92486572265625,0.0,0,0.0,0.0
2024-01-26,266.92486572265625,266.92486572265625,266.92486572265625,266.92486572265625,0.0,0,0.0,0.0
2024-01-29,274.4716491699219,274.4716491699219,274.4716491699219,274.4716491699219,0.0,100,0.0,0.0
2024-01-30,274.4716491699219,274.4716491699219,274.4716491699219,274.4716491699219,0.0,0,0.0,0.0
2024-01-31,274.4716491699219,274.4716491699219,274.4716491699219,274.4716491699219,0.0,0,0.0,0.0
2024-02-01,274.4716491699219,274.4716491699219,274.4716491699219,274.4716491699219,0.0,0,0.0,0.0
2024-02-02,274.4716491699219,274.4716491699219,274.4716491699219,274.4716491699219,0.0,0,0.0,0.0
2024-02-05,274.4716491699219,274.4716491699219,274.4716491699219,274.4716491699219,0.0,0,0.0,0.0
2024-02-06,274.4716491699219,274.4716491699219,274.4716491699219,274.4716491699219,0.0,0,0.0,0.0
2024-02-07,274.4716491699219,274.4716491699219,274.4716491699219,274.4716491699219,0.0,0,0.0,0.0
2024-02-08,274.4716491699219,274.4716491699219,274.4716491699219,274.4716491699219,0.0,0,0.0,0.0
2024-02-09,274.4716491699219,274.4716491699219,274.4716491699219,274.4716491699219,0.0,0,0.0,0.0
2024-02-14,274.4716491699219,274.4716491699219,274.4716491699219,274.4716491699219,0.0,0,0.0,0.0
2024-02-15,274.4716491699219,274.4716491699219,274.4716491699219,274.4716491699219,0.0,0,0.0,0.0
2024-02-16,274.4716491699219,274.4716491699219,274.4716491699219,274.4716491699219,0.0,0,0.0,0.0
2024-02-19,274.4716491699219,274.4716491699219,274.4716491699219,274.4716491699219,0.0,0,0.0,0.0
2024-02-20,274.4785461425781,274.4785461425781,274.4785461425781,274.4785461425781,0.0,100,0.0,0.0
2024-02-21,251.0950984351337,274.01761889538415,251.0950984351337,268.3007507324219,0.0,600,0.0,0.0
2024-02-22,268.3007507324219,268.3007507324219,268.3007507324219,268.3007507324219,0.0,0,0.0,0.0
2024-02-23,268.3007507324219,268.3007507324219,268.3007507324219,268.3007507324219,0.0,0,0.0,0.0
2024-02-26,271.7405090332031,271.7405090332031,271.7405090332031,271.7405090332031,0.0,100,0.0,0.0
2024-02-27,273.1164245605469,273.1164245605469,273.1164245605469,273.1164245605469,0.0,100,0.0,0.0
2024-02-28,273.1164245605469,273.1164245605469,273.1164245605469,273.1164245605469,0.0,0,0.0,0.0
2024-02-29,273.1164245605469,273.1164245605469,273.1164245605469,273.1164245605469,0.0,0,0.0,0.0
2024-03-01,273.1164245605469,273.1164245605469,273.1164245605469,273.1164245605469,0.0,0,0.0,0.0
2024-03-04,273.1164245605469,273.1164245605469,273.1164245605469,273.1164245605469,0.0,0,0.0,0.0
2024-03-05,273.1164245605469,273.1164245605469,273.1164245605469,273.1164245605469,0.0,0,0.0,0.0
2024-03-06,273.1164245605469,273.1164245605469,273.1164245605469,273.1164245605469,0.0,0,0.0,0.0
2024-03-07,247.66228376116072,264.8610534667969,247.66228376116072,264.8610534667969,0.0,300,0.0,0.0
2024-03-08,268.3007507324219,268.3007507324219,268.3007507324219,268.3007507324219,0.0,100,0.0,0.0
2024-03-11,268.3007507324219,268.3007507324219,268.3007507324219,268.3007507324219,0.0,0,0.0,0.0
2024-03-12,268.3007507324219,268.3007507324219,268.3007507324219,268.3007507324219,0.0,0,0.0,0.0
2024-03-13,268.3007507324219,268.3007507324219,268.3007507324219,268.3007507324219,0.0,0,0.0,0.0
2024-03-14,268.3007507324219,268.3007507324219,268.3007507324219,268.3007507324219,0.0,0,0.0,0.0
2024-03-15,268.3007507324219,268.3007507324219,268.3007507324219,268.3007507324219,0.0,0,0.0,0.0
2024-03-18,268.3007507324219,268.3007507324219,268.3007507324219,268.3007507324219,0.0,0,0.0,0.0
2024-03-19,268.3007507324219,268.3007507324219,268.3007507324219,268.3007507324219,0.0,0,0.0,0.0
2024-03-20,268.3007507324219,268.3007507324219,268.3007507324219,268.3007507324219,0.0,0,0.0,0.0
2024-03-21,268.3007507324219,268.3007507324219,268.3007507324219,268.3007507324219,0.0,0,0.0,0.0
2024-03-22,268.3007507324219,268.3007507324219,268.3007507324219,268.3007507324219,0.0,0,0.0,0.0
2024-03-25,268.3007507324219,268.3007507324219,268.3007507324219,268.3007507324219,0.0,0,0.0,0.0
2024-03-26,268.3007557543018,271.7405090332031,268.3007557543018,271.7405090332031,0.0,300,0.0,0.0
2024-03-27,272.428466796875,272.428466796875,272.428466796875,272.428466796875,0.0,400,0.0,0.0
2024-03-28,272.428466796875,272.428466796875,272.428466796875,272.428466796875,0.0,0,0.0,0.0
2024-04-01,272.428466796875,272.428466796875,272.428466796875,272.428466796875,0.0,0,0.0,0.0
2024-04-02,272.428466796875,272.428466796875,272.428466796875,272.428466796875,0.0,0,0.0,0.0
2024-04-03,272.428466796875,272.428466796875,272.428466796875,272.428466796875,0.0,0,0.0,0.0
2024-04-04,272.428466796875,272.428466796875,272.428466796875,272.428466796875,0.0,0,0.0,0.0
2024-04-05,272.428466796875,272.428466796875,272.428466796875,272.428466796875,0.0,0,0.0,0.0
2024-04-08,273.2734069824219,273.2734069824219,273.2734069824219,273.2734069824219,0.0,0,1.224368,0.0
2024-04-09,273.2734069824219,273.2734069824219,273.2734069824219,273.2734069824219,0.0,0,0.0,0.0
2024-04-10,273.2734069824219,273.2734069824219,273.2734069824219,273.2734069824219,0.0,0,0.0,0.0
2024-04-11,273.2734069824219,273.2734069824219,273.2734069824219,273.2734069824219,0.0,0,0.0,0.0
2024-04-12,273.2734069824219,273.2734069824219,273.2734069824219,273.2734069824219,0.0,0,0.0,0.0
2024-04-15,273.2734069824219,273.2734069824219,273.2734069824219,273.2734069824219,0.0,0,0.0,0.0
2024-04-16,273.2734069824219,273.2734069824219,273.2734069824219,273.2734069824219,0.0,0,0.0,0.0
2024-04-17,273.2734069824219,273.2734069824219,273.2734069824219,273.2734069824219,0.0,0,0.0,0.0
2024-04-18,273.2734069824219,273.2734069824219,273.2734069824219,273.2734069824219,0.0,0,0.0,0.0
2024-04-19,241.52950591851797,262.9083251953125,241.52950591851797,262.9083251953125,0.0,200,0.0,0.0
2024-04-22,262.9083251953125,262.9083251953125,262.9083251953125,262.9083251953125,0.0,0,0.0,0.0
2024-04-23,268.2978620132379,268.30474853515625,268.2978620132379,268.30474853515625,0.0,200,0.0,0.0
2024-04-24,268.30474853515625,268.30474853515625,268.30474853515625,268.30474853515625,0.0,0,0.0,0.0
2024-04-25,268.30474853515625,268.30474853515625,268.30474853515625,268.30474853515625,0.0,0,0.0,0.0
2024-04-26,272.576416015625,272.576416015625,272.576416015625,272.576416015625,0.0,100,0.0,0.0
2024-04-29,272.576416015625,272.576416015625,272.576416015625,272.576416015625,0.0,0,0.0,0.0
2024-04-30,272.576416015625,272.576416015625,272.576416015625,272.576416015625,0.0,0,0.0,0.0
2024-05-02,272.58332262135514,273.2734069824219,272.58332262135514,273.2734069824219,0.0,200,0.0,0.0
2024-05-03,276.02683588194236,276.03374346463403,275.9923400878906,275.9923400878906,0.0,400,0.0,0.0
2024-05-06,269.132870273818,275.978515625,269.132870273818,275.978515625,0.0,600,0.0,0.0
2024-05-07,269.1329040527344,269.1329040527344,269.1329040527344,269.1329040527344,0.0,300,0.0,0.0
2024-05-08,269.1329040527344,269.1329040527344,269.1329040527344,269.1329040527344,0.0,0,0.0,0.0
2024-05-09,269.1329040527344,269.1329040527344,269.1329040527344,269.1329040527344,0.0,0,0.0,0.0
2024-05-10,269.1329040527344,269.1329040527344,269.1329040527344,269.1329040527344,0.0,0,0.0,0.0
2024-05-13,269.1329040527344,269.1329040527344,269.1329040527344,269.1329040527344,0.0,0,0.0,0.0
2024-05-14,269.1329040527344,269.1329040527344,269.1329040527344,269.1329040527344,0.0,0,0.0,0.0
2024-05-15,269.1329040527344,269.1329040527344,269.1329040527344,269.1329040527344,0.0,0,0.0,0.0
2024-05-16,269.1329040527344,269.1329040527344,269.1329040527344,269.1329040527344,0.0,0,0.0,0.0
2024-05-17,269.1329040527344,269.1329040527344,269.1329040527344,269.1329040527344,0.0,0,0.0,0.0
2024-05-20,269.1329040527344,269.1329040527344,269.1329040527344,269.1329040527344,0.0,0,0.0,0.0
2024-05-21,269.1329040527344,269.1329040527344,269.1329040527344,269.1329040527344,0.0,0,0.0,0.0
2024-05-22,272.5832824707031,272.5832824707031,272.5832824707031,272.5832824707031,0.0,100,0.0,0.0
2024-05-23,274.6535949707031,274.6535949707031,274.6535949707031,274.6535949707031,0.0,100,0.0,0.0
2024-05-24,274.6535949707031,274.6535949707031,274.6535949707031,274.6535949707031,0.0,0,0.0,0.0
2024-05-27,274.6535949707031,274.6535949707031,274.6535949707031,274.6535949707031,0.0,0,0.0,0.0
2024-05-28,274.6535949707031,274.6535949707031,274.6535949707031,274.6535949707031,0.0,0,0.0,0.0
2024-05-29,274.6535949707031,274.6535949707031,274.6535949707031,274.6535949707031,0.0,0,0.0,0.0
2024-05-31,274.6535949707031,274.6535949707031,274.6535949707031,274.6535949707031,0.0,0,0.0,0.0
2024-06-03,274.6535949707031,274.6535949707031,274.6535949707031,274.6535949707031,0.0,0,0.0,0.0
2024-06-04,274.6535949707031,274.6535949707031,274.6535949707031,274.6535949707031,0.0,0,0.0,0.0
2024-06-05,274.6535949707031,274.6535949707031,274.6535949707031,274.6535949707031,0.0,0,0.0,0.0
2024-06-06,274.6535949707031,274.6535949707031,274.6535949707031,274.6535949707031,0.0,0,0.0,0.0
2024-06-07,274.6535949707031,274.6535949707031,274.6535949707031,274.6535949707031,0.0,0,0.0,0.0
2024-06-10,274.6535949707031,274.6535949707031,274.6535949707031,274.6535949707031,0.0,0,0.0,0.0
2024-06-11,274.6535949707031,274.6535949707031,274.6535949707031,274.6535949707031,0.0,0,0.0,0.0
2024-06-12,274.6535949707031,274.6535949707031,274.6535949707031,274.6535949707031,0.0,0,0.0,0.0
2024-06-13,274.6535949707031,274.6535949707031,274.6535949707031,274.6535949707031,0.0,0,0.0,0.0
2024-06-14,274.6535949707031,274.6535949707031,274.6535949707031,274.6535949707031,0.0,0,0.0,0.0
2024-06-17,274.6535949707031,274.6535949707031,274.6535949707031,274.6535949707031,0.0,0,0.0,0.0
2024-06-18,274.6535949707031,274.6535949707031,274.6535949707031,274.6535949707031,0.0,0,0.0,0.0
2024-06-19,274.6535949707031,274.6535949707031,274.6535949707031,274.6535949707031,0.0,0,0.0,0.0
2024-06-20,274.6535949707031,274.6535949707031,274.6535949707031,274.6535949707031,0.0,0,0.0,0.0
2024-06-21,274.6535949707031,274.6535949707031,274.6535949707031,274.6535949707031,0.0,0,0.0,0.0
2024-06-24,274.6535949707031,274.6535949707031,274.6535949707031,274.6535949707031,0.0,0,0.0,0.0
2024-06-25,274.6535949707031,274.6535949707031,274.6535949707031,274.6535949707031,0.0,0,0.0,0.0
2024-06-26,274.6535949707031,274.6535949707031,274.6535949707031,274.6535949707031,0.0,0,0.0,0.0
2024-06-27,274.6535949707031,274.6535949707031,274.6535949707031,274.6535949707031,0.0,0,0.0,0.0
2024-06-28,274.6535949707031,274.6535949707031,274.6535949707031,274.6535949707031,0.0,0,0.0,0.0
2024-07-01,274.6535949707031,274.6535949707031,274.6535949707031,274.6535949707031,0.0,0,0.0,0.0
2024-07-02,274.6535949707031,274.6535949707031,274.6535949707031,274.6535949707031,0.0,0,0.0,0.0
2024-07-03,274.6535949707031,274.6535949707031,274.6535949707031,274.6535949707031,0.0,0,0.0,0.0
2024-07-04,274.6535949707031,274.6535949707031,274.6535949707031,274.6535949707031,0.0,0,0.0,0.0
2024-07-05,269.12599646993556,269.1398116355332,269.12599646993556,269.1329040527344,0.0,1100,0.0,0.0
2024-07-08,272.5832824707031,272.5832824707031,272.5832824707031,272.5832824707031,0.0,100,0.0,0.0
2024-07-09,272.5832824707031,272.5832824707031,272.5832824707031,272.5832824707031,0.0,0,0.0,0.0
2024-07-10,272.5832824707031,272.5832824707031,272.5832824707031,272.5832824707031,0.0,0,0.0,0.0
2024-07-11,272.5832824707031,272.5832824707031,272.5832824707031,272.5832824707031,0.0,0,0.0,0.0
2024-07-12,272.5832824707031,272.5832824707031,272.5832824707031,272.5832824707031,0.0,0,0.0,0.0
2024-07-15,272.5832824707031,272.5832824707031,272.5832824707031,272.5832824707031,0.0,0,0.0,0.0
2024-07-16,272.5832824707031,272.5832824707031,272.5832824707031,272.5832824707031,0.0,0,0.0,0.0
2024-07-17,272.5832824707031,272.5832824707031,272.5832824707031,272.5832824707031,0.0,0,0.0,0.0
2024-07-18,272.5832824707031,272.5832824707031,272.5832824707031,272.5832824707031,0.0,0,0.0,0.0
2024-07-19,272.5832824707031,272.5832824707031,272.5832824707031,272.5832824707031,0.0,0,0.0,0.0
2024-07-22,272.5832824707031,272.5832824707031,272.5832824707031,272.5832824707031,0.0,0,0.0,0.0
2024-07-23,272.5832824707031,272.5832824707031,272.5832824707031,272.5832824707031,0.0,0,0.0,0.0
2024-07-24,272.5832824707031,272.5832824707031,272.5832824707031,272.5832824707031,0.0,0,0.0,0.0
2024-07-25,272.5832824707031,272.5832824707031,272.5832824707031,272.5832824707031,0.0,0,0.0,0.0
2024-07-26,272.5832824707031,272.5832824707031,272.5832824707031,272.5832824707031,0.0,0,0.0,0.0
2024-07-29,272.5832824707031,272.5832824707031,272.5832824707031,272.5832824707031,0.0,0,0.0,0.0
2024-07-30,272.5832824707031,272.5832824707031,272.5832824707031,272.5832824707031,0.0,0,0.0,0.0
2024-07-31,272.5832824707031,272.5832824707031,272.5832824707031,272.5832824707031,0.0,0,0.0,0.0
2024-08-01,272.5832824707031,272.5832824707031,272.5832824707031,272.5832824707031,0.0,0,0.0,0.0
2024-08-02,272.5832824707031,272.5832824707031,272.5832824707031,272.5832824707031,0.0,0,0.0,0.0
2024-08-05,272.5832824707031,272.5832824707031,272.5832824707031,272.5832824707031,0.0,0,0.0,0.0
2024-08-06,272.5832824707031,272.5832824707031,272.5832824707031,272.5832824707031,0.0,0,0.0,0.0
2024-08-07,272.5832824707031,272.5832824707031,272.5832824707031,272.5832824707031,0.0,0,0.0,0.0
2024-08-08,274.5638427734375,274.5638427734375,274.5638427734375,274.5638427734375,0.0,100,0.0,0.0
2024-08-09,274.5638427734375,274.5638427734375,274.5638427734375,274.5638427734375,0.0,0,0.0,0.0
2024-08-12,274.5638427734375,274.5638427734375,274.5638427734375,274.5638427734375,0.0,0,0.0,0.0
2024-08-13,274.5638427734375,274.5638427734375,274.5638427734375,274.5638427734375,0.0,0,0.0,0.0
2024-08-14,274.5638427734375,274.5638427734375,274.5638427734375,274.5638427734375,0.0,0,0.0,0.0
2024-08-15,274.5638427734375,274.5638427734375,274.5638427734375,274.5638427734375,0.0,0,0.0,0.0
2024-08-16,274.5638427734375,274.5638427734375,274.5638427734375,274.5638427734375,0.0,0,0.0,0.0
2024-08-19,274.5638427734375,274.5638427734375,274.5638427734375,274.5638427734375,0.0,0,0.0,0.0
2024-08-20,274.5638427734375,274.5638427734375,274.5638427734375,274.5638427734375,0.0,0,0.0,0.0
2024-08-21,274.5638427734375,274.5638427734375,274.5638427734375,274.5638427734375,0.0,0,0.0,0.0
2024-08-22,274.5638427734375,274.5638427734375,274.5638427734375,274.5638427734375,0.0,0,0.0,0.0
2024-08-23,274.5638427734375,274.5638427734375,274.5638427734375,274.5638427734375,0.0,0,0.0,0.0
2024-08-26,274.5638427734375,274.5638427734375,274.5638427734375,274.5638427734375,0.0,0,0.0,0.0
2024-08-27,274.5638427734375,274.5638427734375,274.5638427734375,274.5638427734375,0.0,0,0.0,0.0
2024-08-28,274.5638427734375,274.5638427734375,274.5638427734375,274.5638427734375,0.0,0,0.0,0.0
2024-08-29,274.5638427734375,274.5638427734375,274.5638427734375,274.5638427734375,0.0,0,0.0,0.0
2024-08-30,274.5638427734375,274.5638427734375,274.5638427734375,274.5638427734375,0.0,0,0.0,0.0
2024-09-02,274.5638427734375,274.5638427734375,274.5638427734375,274.5638427734375,0.0,0,0.0,0.0
2024-09-03,274.5638427734375,274.5638427734375,274.5638427734375,274.5638427734375,0.0,0,0.0,0.0
2024-09-04,274.5638427734375,274.5638427734375,274.5638427734375,274.5638427734375,0.0,0,0.0,0.0
2024-09-05,274.5638427734375,274.5638427734375,274.5638427734375,274.5638427734375,0.0,0,0.0,0.0
2024-09-06,274.5638427734375,274.5638427734375,274.5638427734375,274.5638427734375,0.0,0,0.0,0.0
2024-09-09,274.5638427734375,274.5638427734375,274.5638427734375,274.5638427734375,0.0,0,0.0,0.0
2024-09-10,274.5638427734375,274.5638427734375,274.5638427734375,274.5638427734375,0.0,0,0.0,0.0
2024-09-11,274.5638427734375,274.5638427734375,274.5638427734375,274.5638427734375,0.0,0,0.0,0.0
2024-09-12,274.5638427734375,274.5638427734375,274.5638427734375,274.5638427734375,0.0,0,0.0,0.0
2024-09-13,274.5638427734375,274.5638427734375,274.5638427734375,274.5638427734375,0.0,0,0.0,0.0
2024-09-16,274.5638427734375,274.5638427734375,274.5638427734375,274.5638427734375,0.0,0,0.0,0.0
2024-09-17,274.5638427734375,274.5638427734375,274.5638427734375,274.5638427734375,0.0,0,0.0,0.0
2024-09-18,274.5638427734375,274.5638427734375,274.5638427734375,274.5638427734375,0.0,0,0.0,0.0
2024-09-19,274.5638427734375,274.5638427734375,274.5638427734375,274.5638427734375,0.0,0,0.0,0.0
2024-09-20,274.5638427734375,274.5638427734375,274.5638427734375,274.5638427734375,0.0,0,0.0,0.0
2024-09-23,274.5638427734375,274.5638427734375,274.5638427734375,274.5638427734375,0.0,0,0.0,0.0
2024-09-24,274.5638427734375,274.5638427734375,274.5638427734375,274.5638427734375,0.0,0,0.0,0.0
2024-09-25,274.5638427734375,274.5638427734375,274.5638427734375,274.5638427734375,0.0,0,0.0,0.0
2024-09-26,274.5638427734375,274.5638427734375,274.5638427734375,274.5638427734375,0.0,0,0.0,0.0
2024-09-27,274.5638427734375,274.5638427734375,274.5638427734375,274.5638427734375,0.0,0,0.0,0.0
2024-09-30,274.5638427734375,274.5638427734375,274.5638427734375,274.5638427734375,0.0,0,0.0,0.0
2024-10-01,274.5638427734375,274.5638427734375,274.5638427734375,274.5638427734375,0.0,0,0.0,0.0
2024-10-02,241.52953324782007,275.69561767578125,241.52953324782007,275.69561767578125,0.0,500,0.0,0.0
2024-10-03,275.69561767578125,275.69561767578125,275.69561767578125,275.69561767578125,0.0,0,0.0,0.0
2024-10-04,275.69561767578125,275.69561767578125,275.69561767578125,275.69561767578125,0.0,0,0.0,0.0
2024-10-07,275.69561767578125,275.69561767578125,275.69561767578125,275.69561767578125,0.0,0,0.0,0.0
2024-10-08,275.69561767578125,275.69561767578125,275.69561767578125,275.69561767578125,0.0,0,0.0,0.0
2024-10-09,275.69561767578125,275.69561767578125,275.69561767578125,275.69561767578125,0.0,0,0.0,0.0
2024-10-10,275.69561767578125,275.69561767578125,275.69561767578125,275.69561767578125,0.0,0,0.0,0.0
2024-10-11,275.69561767578125,275.69561767578125,275.69561767578125,275.69561767578125,0.0,0,0.0,0.0
2024-10-14,275.69561767578125,275.69561767578125,275.69561767578125,275.69561767578125,0.0,0,0.0,0.0
2024-10-15,275.69561767578125,275.69561767578125,275.69561767578125,275.69561767578125,0.0,0,0.0,0.0
2024-10-16,275.69561767578125,275.69561767578125,275.69561767578125,275.69561767578125,0.0,0,0.0,0.0
2024-10-17,275.69561767578125,275.69561767578125,275.69561767578125,275.69561767578125,0.0,0,0.0,0.0
2024-10-18,275.69561767578125,275.69561767578125,275.69561767578125,275.69561767578125,0.0,0,0.0,0.0
2024-10-21,275.69561767578125,275.69561767578125,275.69561767578125,275.69561767578125,0.0,0,0.0,0.0
2024-10-22,275.69561767578125,275.69561767578125,275.69561767578125,275.69561767578125,0.0,0,0.0,0.0
2024-10-23,275.69561767578125,275.69561767578125,275.69561767578125,275.69561767578125,0.0,0,0.0,0.0
2024-10-24,275.69561767578125,275.69561767578125,275.69561767578125,275.69561767578125,0.0,0,0.0,0.0
2024-10-25,275.69561767578125,275.69561767578125,275.69561767578125,275.69561767578125,0.0,0,0.0,0.0
2024-10-28,275.69561767578125,275.69561767578125,275.69561767578125,275.69561767578125,0.0,0,0.0,0.0
2024-10-29,275.69561767578125,275.69561767578125,275.69561767578125,275.69561767578125,0.0,0,0.0,0.0
2024-10-30,275.69561767578125,275.69561767578125,275.69561767578125,275.69561767578125,0.0,0,0.0,0.0
2024-10-31,276.0337219238281,276.0337219238281,276.0337219238281,276.0337219238281,0.0,100,0.0,0.0
2024-11-01,276.0337219238281,276.0337219238281,276.0337219238281,276.0337219238281,0.0,0,0.0,0.0
2024-11-04,276.0337219238281,276.0337219238281,276.0337219238281,276.0337219238281,0.0,0,0.0,0.0
2024-11-05,276.0337219238281,276.0337219238281,276.0337219238281,276.0337219238281,0.0,0,0.0,0.0
2024-11-06,276.0337219238281,276.0337219238281,276.0337219238281,276.0337219238281,0.0,0,0.0,0.0
2024-11-07,276.0337219238281,276.0337219238281,276.0337219238281,276.0337219238281,0.0,0,0.0,0.0
2024-11-08,276.0337219238281,276.0337219238281,276.0337219238281,276.0337219238281,0.0,0,0.0,0.0
2024-11-11,276.0337219238281,276.0337219238281,276.0337219238281,276.0337219238281,0.0,0,0.0,0.0
2024-11-12,283.6246643066406,283.6246643066406,283.6246643066406,283.6246643066406,0.0,100,0.0,0.0
2024-11-13,283.6246643066406,283.6246643066406,283.6246643066406,283.6246643066406,0.0,0,0.0,0.0
2024-11-14,283.6246643066406,283.6246643066406,283.6246643066406,283.6246643066406,0.0,0,0.0,0.0
2024-11-18,283.6246643066406,283.6246643066406,283.6246643066406,283.6246643066406,0.0,0,0.0,0.0
2024-11-19,283.6246643066406,283.6246643066406,283.6246643066406,283.6246643066406,0.0,0,0.0,0.0
2024-11-21,283.6246643066406,283.6246643066406,283.6246643066406,283.6246643066406,0.0,0,0.0,0.0
2024-11-22,283.6246643066406,283.6246643066406,283.6246643066406,283.6246643066406,0.0,0,0.0,0.0
2024-11-25,283.6246643066406,283.6246643066406,283.6246643066406,283.6246643066406,0.0,0,0.0,0.0
2024-11-26,283.6246643066406,283.6246643066406,283.6246643066406,283.6246643066406,0.0,0,0.0,0.0
2024-11-27,283.6246643066406,283.6246643066406,283.6246643066406,283.6246643066406,0.0,0,0.0,0.0
2024-11-28,295.96832275390625,295.96832275390625,295.96832275390625,295.96832275390625,0.0,0,17.14115,0.0
2024-11-29,295.96832275390625,295.96832275390625,295.96832275390625,295.96832275390625,0.0,0,0.0,0.0
2024-12-02,295.96832275390625,295.96832275390625,295.96832275390625,295.96832275390625,0.0,0,0.0,0.0
2024-12-03,295.96832275390625,295.96832275390625,295.96832275390625,295.96832275390625,0.0,0,0.0,0.0
2024-12-04,295.96832275390625,295.96832275390625,295.96832275390625,295.96832275390625,0.0,0,0.0,0.0
2024-12-05,295.96832275390625,295.96832275390625,295.96832275390625,295.96832275390625,0.0,0,0.0,0.0
2024-12-06,295.96832275390625,295.96832275390625,295.96832275390625,295.96832275390625,0.0,0,0.0,0.0
2024-12-09,295.96832275390625,295.96832275390625,295.96832275390625,295.96832275390625,0.0,0,0.0,0.0
2024-12-10,295.96832275390625,295.96832275390625,295.96832275390625,295.96832275390625,0.0,0,0.0,0.0
2024-12-11,295.96832275390625,295.96832275390625,295.96832275390625,295.96832275390625,0.0,0,0.0,0.0
2024-12-12,295.96832275390625,295.96832275390625,295.96832275390625,295.96832275390625,0.0,0,0.0,0.0
2024-12-13,295.96832275390625,295.96832275390625,295.96832275390625,295.96832275390625,0.0,0,0.0,0.0
2024-12-16,295.96832275390625,295.96832275390625,295.96832275390625,295.96832275390625,0.0,0,0.0,0.0
2024-12-17,295.96832275390625,295.96832275390625,295.96832275390625,295.96832275390625,0.0,0,0.0,0.0
2024-12-18,295.96832275390625,295.96832275390625,295.96832275390625,295.96832275390625,0.0,0,0.0,0.0
2024-12-19,295.96832275390625,295.96832275390625,295.96832275390625,295.96832275390625,0.0,0,0.0,0.0
2024-12-20,295.96832275390625,295.96832275390625,295.96832275390625,295.96832275390625,0.0,0,0.0,0.0
2024-12-23,295.96832275390625,295.96832275390625,295.96832275390625,295.96832275390625,0.0,0,0.0,0.0
2024-12-26,295.96832275390625,295.96832275390625,295.96832275390625,295.96832275390625,0.0,0,0.0,0.0
2024-12-27,288.0469970703125,288.0469970703125,288.0469970703125,288.0469970703125,0.0,100,0.0,0.0
2024-12-30,288.6360168457031,288.6360168457031,288.6360168457031,288.6360168457031,0.0,0,0.816245,0.0
2025-01-02,288.6360168457031,288.6360168457031,288.6360168457031,288.6360168457031,0.0,0,0.0,0.0
2025-01-03,288.6360168457031,288.6360168457031,288.6360168457031,288.6360168457031,0.0,0,0.0,0.0
2025-01-06,288.6360168457031,288.6360168457031,288.6360168457031,288.6360168457031,0.0,0,0.0,0.0
2025-01-07,288.6360168457031,288.6360168457031,288.6360168457031,288.6360168457031,0.0,0,0.0,0.0
2025-01-08,288.6360168457031,288.6360168457031,288.6360168457031,288.6360168457031,0.0,0,0.0,0.0
2025-01-09,288.6360168457031,288.6360168457031,288.6360168457031,288.6360168457031,0.0,0,0.0,0.0
2025-01-10,288.6360168457031,288.6360168457031,288.6360168457031,288.6360168457031,0.0,0,0.0,0.0
2025-01-13,288.6360168457031,288.6360168457031,288.6360168457031,288.6360168457031,0.0,0,0.0,0.0
2025-01-14,288.6360168457031,288.6360168457031,288.6360168457031,288.6360168457031,0.0,0,0.0,0.0
2025-01-15,288.6360168457031,288.6360168457031,288.6360168457031,288.6360168457031,0.0,0,0.0,0.0
2025-01-16,288.6360168457031,288.6360168457031,288.6360168457031,288.6360168457031,0.0,0,0.0,0.0
2025-01-17,288.6360168457031,288.6360168457031,288.6360168457031,288.6360168457031,0.0,0,0.0,0.0
2025-01-20,288.6360168457031,288.6360168457031,288.6360168457031,288.6360168457031,0.0,0,0.0,0.0
2025-01-21,288.6360168457031,288.6360168457031,288.6360168457031,288.6360168457031,0.0,0,0.0,0.0
2025-01-22,288.6360168457031,288.6360168457031,288.6360168457031,288.6360168457031,0.0,0,0.0,0.0
2025-01-23,288.6360168457031,288.6360168457031,288.6360168457031,288.6360168457031,0.0,0,0.0,0.0
2025-01-24,288.6360168457031,288.6360168457031,288.6360168457031,288.6360168457031,0.0,0,0.0,0.0
2025-01-27,288.6360168457031,288.6360168457031,288.6360168457031,288.6360168457031,0.0,0,0.0,0.0
2025-01-28,288.6360168457031,288.6360168457031,288.6360168457031,288.6360168457031,0.0,0,0.0,0.0
2025-01-29,288.6360168457031,288.6360168457031,288.6360168457031,288.6360168457031,0.0,0,0.0,0.0
2025-01-30,291.0113830566406,291.0113830566406,291.0113830566406,291.0113830566406,0.0,0,3.264981,0.0
2025-01-31,291.0113830566406,291.0113830566406,291.0113830566406,291.0113830566406,0.0,0,0.0,0.0
2025-02-03,291.0113830566406,291.0113830566406,291.0113830566406,291.0113830566406,0.0,0,0.0,0.0
2025-02-04,291.0113830566406,291.0113830566406,291.0113830566406,291.0113830566406,0.0,0,0.0,0.0
2025-02-05,291.0113830566406,291.0113830566406,291.0113830566406,291.0113830566406,0.0,0,0.0,0.0
2025-02-06,291.0113830566406,291.0113830566406,291.0113830566406,291.0113830566406,0.0,0,0.0,0.0
2025-02-07,291.0113830566406,291.0113830566406,291.0113830566406,291.0113830566406,0.0,0,0.0,0.0
2025-02-10,291.0113830566406,291.0113830566406,291.0113830566406,291.0113830566406,0.0,0,0.0,0.0
2025-02-11,291.0113830566406,291.0113830566406,291.0113830566406,291.0113830566406,0.0,0,0.0,0.0
2025-02-12,291.0113830566406,291.0113830566406,291.0113830566406,291.0113830566406,0.0,0,0.0,0.0
2025-02-13,291.0113830566406,291.0113830566406,291.0113830566406,291.0113830566406,0.0,0,0.0,0.0
2025-02-14,291.0113830566406,291.0113830566406,291.0113830566406,291.0113830566406,0.0,0,0.0,0.0
2025-02-17,291.0113830566406,291.0113830566406,291.0113830566406,291.0113830566406,0.0,0,0.0,0.0
2025-02-18,291.0113830566406,291.0113830566406,291.0113830566406,291.0113830566406,0.0,0,0.0,0.0
2025-02-19,291.0113830566406,291.0113830566406,291.0113830566406,291.0113830566406,0.0,0,0.0,0.0
2025-02-20,291.0113830566406,291.0113830566406,291.0113830566406,291.0113830566406,0.0,0,0.0,0.0
2025-02-21,291.0113830566406,291.0113830566406,291.0113830566406,291.0113830566406,0.0,0,0.0,0.0
2025-02-24,291.0113830566406,291.0113830566406,291.0113830566406,291.0113830566406,0.0,0,0.0,0.0
2025-02-25,291.0113830566406,291.0113830566406,291.0113830566406,291.0113830566406,0.0,0,0.0,0.0
2025-02-26,291.0113830566406,291.0113830566406,291.0113830566406,291.0113830566406,0.0,0,0.0,0.0
2025-02-27,291.0113830566406,291.0113830566406,291.0113830566406,291.0113830566406,0.0,0,0.0,0.0
2025-02-28,291.0113830566406,291.0113830566406,291.0113830566406,291.0113830566406,0.0,0,0.0,0.0
2025-03-05,290.4293812124492,312.8372497558594,290.4293812124492,312.8372497558594,0.0,500,0.0,0.0
2025-03-06,312.83723522367933,312.83723522367933,305.56195068359375,305.56195068359375,0.0,400,0.0,0.0
2025-03-07,291.0113734379074,309.9198303222656,283.73608910195975,309.9198303222656,0.0,800,0.0,0.0
2025-03-10,325.5128173828125,325.5128173828125,325.5128173828125,325.5128173828125,0.0,0,20.40613,0.0
2025-03-11,325.5128173828125,325.5128173828125,325.5128173828125,325.5128173828125,0.0,0,0.0,0.0
2025-03-12,267.44639995219825,267.44639995219825,248.39658054656294,254.45614624023438,0.0,600,0.0,0.0
2025-03-13,236.88108792951758,243.75828080489066,213.949462890625,213.949462890625,0.0,1000,0.0,0.0
2025-03-14,213.9494587564442,213.9571075439453,213.9494587564442,213.9571075439453,0.0,400,0.0,0.0
2025-03-17,213.9571075439453,213.9571075439453,213.9571075439453,213.9571075439453,0.0,400,0.0,0.0
2025-03-18,215.48537567138672,233.06042404174806,215.48537567138672,229.23976135253906,0.0,400,0.0,0.0
2025-03-19,227.71148681640625,227.71148681640625,227.71148681640625,227.71148681640625,0.0,100,0.0,0.0
2025-03-20,227.71148681640625,227.71148681640625,227.71148681640625,227.71148681640625,0.0,0,0.0,0.0
2025-03-21,207.08754663210775,207.08754663210775,191.0331160933883,206.31576538085938,0.0,700,0.0,0.0
2025-03-24,215.48537567138672,229.23976135253906,198.6744598388672,229.23976135253906,0.0,700,0.0,0.0
2025-03-25,236.881103515625,236.881103515625,236.881103515625,236.881103515625,0.0,100,0.0,0.0
2025-03-26,210.12879117047538,229.2397526812323,198.7508702385231,210.1440887451172,0.0,2300,0.0,0.0
2025-03-27,220.83431578126067,229.23977416739862,191.03314513949886,203.23634338378906,0.0,6200,0.0,0.0
2025-03-28,206.30813611031675,206.30813611031675,191.03313416473625,197.1461944580078,0.0,600,0.0,0.0
2025-03-31,206.30814196463152,206.30814196463152,185.34035435789568,196.75648498535156,0.0,1200,0.0,0.0
2025-04-01,196.75646647476879,201.72332763671875,196.75646647476879,201.72332763671875,0.0,400,0.0,0.0
2025-04-02,201.72332763671875,201.72332763671875,201.72332763671875,201.72332763671875,0.0,0,0.0,0.0
2025-04-03,198.6668051554095,198.6668051554095,198.6591796875,198.6591796875,0.0,400,0.0,0.0
2025-04-04,198.6591796875,198.6591796875,198.6591796875,198.6591796875,0.0,0,0.0,0.0
2025-04-07,168.10914436272816,172.69393920898438,168.10914436272816,172.69393920898438,0.0,300,0.0,0.0
2025-04-08,177.27874755859375,177.27874755859375,177.27874755859375,177.27874755859375,0.0,200,0.0,0.0
2025-04-09,182.6276884960527,187.21248402315027,178.04289296895516,181.86355590820312,0.0,1100,0.0,0.0
2025-04-10,168.10914498840134,191.02548217773438,168.10914498840134,191.02548217773438,0.0,2200,0.0,0.0
2025-04-11,191.02548217773438,191.02548217773438,191.02548217773438,191.02548217773438,0.0,0,0.0,0.0
2025-04-14,191.02548217773438,191.02548217773438,191.02548217773438,191.02548217773438,0.0,0,0.0,0.0
2025-04-15,191.02548217773438,191.02548217773438,191.02548217773438,191.02548217773438,0.0,0,0.0,0.0
2025-04-16,191.02548217773438,191.02548217773438,191.02548217773438,191.02548217773438,0.0,0,0.0,0.0
2025-04-17,191.02548217773438,191.02548217773438,191.02548217773438,191.02548217773438,0.0,0,0.0,0.0
2025-04-22,191.02548217773438,191.02548217773438,191.02548217773438,191.02548217773438,0.0,0,0.0,0.0
2025-04-23,191.02548217773438,191.02548217773438,191.02548217773438,191.02548217773438,0.0,0,0.0,0.0
2025-04-24,175.75046549622246,175.75046549622246,168.11677803651202,175.74282836914062,0.0,600,0.0,0.0
2025-04-25,175.7504691064885,175.7504691064885,168.10914436272816,172.69393920898438,0.0,1100,0.0,0.0
2025-04-28,172.69393920898438,172.69393920898438,172.69393920898438,172.69393920898438,0.0,0,0.0,0.0
2025-04-29,172.69393920898438,172.69393920898438,172.69393920898438,172.69393920898438,0.0,0,0.0,0.0
2025-04-30,183.38417053222656,183.38417053222656,183.38417053222656,183.38417053222656,0.0,100,0.0,0.0
2025-05-02,182.62766942989853,182.62766942989853,168.10915177647564,181.70306396484375,0.0,1000,0.0,0.0
2025-05-05,181.70306396484375,181.70306396484375,181.70306396484375,181.70306396484375,0.0,0,0.0,0.0
2025-05-06,181.70306396484375,181.70306396484375,181.70306396484375,181.70306396484375,0.0,0,0.0,0.0
2025-05-07,181.70306396484375,181.70306396484375,181.70306396484375,181.70306396484375,0.0,0,0.0,0.0
2025-05-08,181.70306396484375,181.70306396484375,181.70306396484375,181.70306396484375,0.0,0,0.0,0.0
2025-05-09,181.70306396484375,181.70306396484375,181.70306396484375,181.70306396484375,0.0,0,0.0,0.0
2025-05-12,181.70306396484375,181.70306396484375,181.70306396484375,181.70306396484375,0.0,0,0.0,0.0
2025-05-13,181.70306396484375,181.70306396484375,181.70306396484375,181.70306396484375,0.0,0,0.0,0.0
2025-05-14,181.70306396484375,181.70306396484375,181.70306396484375,181.70306396484375,0.0,0,0.0,0.0
2025-05-15,171.92980891902954,179.57113375987532,160.5213165283203,160.5213165283203,0.0,2800,0.0,0.0
2025-05-16,156.6471818116334,171.16570110149212,156.6471818116334,169.63743591308594,0.0,500,0.0,0.0
2025-05-19,182.6276843474942,182.6276843474942,174.98635864257812,174.98635864257812,0.0,200,0.0,0.0
2025-05-20,174.98635864257812,174.98635864257812,174.98635864257812,174.98635864257812,0.0,0,0.0,0.0
2025-05-21,182.62766548542032,182.62766548542032,160.46782322986724,180.25885009765625,0.0,3000,0.0,0.0
2025-05-22,170.78361468247962,179.56350135292305,156.6471633552945,162.76022338867188,0.0,4400,0.0,0.0
2025-05-23,156.7159508445369,164.28087051805517,152.8265187409177,155.8754119873047,0.0,2000,0.0,0.0
2025-05-26,145.8095730751013,154.66342919757005,134.84194946289062,134.84194946289062,0.0,1600,8.570574,0.0
2025-05-27,138.79029189807744,142.7785186767578,134.88183452341156,142.7785186767578,0.0,1100,0.0,0.0
2025-05-28,142.7785186767578,142.7785186767578,142.7785186767578,142.7785186767578,0.0,0,0.0,0.0
2025-05-29,142.7785186767578,142.7785186767578,142.7785186767578,142.7785186767578,0.0,0,0.0,0.0
2025-05-30,130.81383947423987,135.5997116501267,119.48727775886151,132.80795288085938,0.0,2000,0.0,0.0
2025-06-02,132.80795288085938,132.80795288085938,132.80795288085938,132.80795288085938,0.0,0,0.0,0.0
2025-06-03,132.80795288085938,132.80795288085938,132.80795288085938,132.80795288085938,0.0,0,0.0,0.0
2025-06-04,132.80795288085938,132.80795288085938,132.80795288085938,132.80795288085938,0.0,0,0.0,0.0
2025-06-05,132.80795288085938,132.80795288085938,132.80795288085938,132.80795288085938,0.0,0,0.0,0.0
2025-06-06,132.80794751644135,132.80794751644135,127.62325286865234,127.62325286865234,0.0,200,0.0,0.0
2025-06-09,127.62325286865234,127.62325286865234,127.62325286865234,127.62325286865234,0.0,0,0.0,0.0
2025-06-10,127.62325286865234,127.62325286865234,127.62325286865234,127.62325286865234,0.0,100,0.0,0.0
2025-06-11,118.05150604248047,118.05150604248047,118.05150604248047,118.05150604248047,0.0,100,0.0,0.0
2025-06-12,119.64679692415584,119.64679692415584,118.84915161132812,118.84915161132812,0.0,900,0.0,0.0
2025-06-13,119.64679718017577,127.51158046833005,119.64679718017577,119.64679718017578,0.0,900,0.0,0.0
2025-06-16,119.64679718017577,119.64679718017577,119.64679718017577,119.64679718017578,0.0,0,0.0,0.0
2025-06-17,119.65476925172455,119.65476925172455,119.64679718017577,119.64679718017578,0.0,300,0.0,0.0
2025-06-18,115.6585693359375,115.6585693359375,115.6585693359375,115.6585693359375,0.0,100,0.0,0.0
2025-06-20,115.6585693359375,115.6585693359375,115.6585693359375,115.6585693359375,0.0,100,0.0,0.0
2025-06-23,119.56702646574583,119.57501070830843,115.6585693359375,115.6585693359375,0.0,1200,0.0,0.0
2025-06-24,115.6585693359375,115.6585693359375,115.6585693359375,115.6585693359375,0.0,0,0.0,0.0
2025-06-25,115.65856853001554,115.65856853001554,113.26563262939453,113.26563262939453,0.0,700,0.0,0.0
2025-06-26,113.26563262939453,113.26563262939453,113.26563262939453,113.26563262939453,0.0,0,0.0,0.0
2025-06-27,113.26563262939453,113.26563262939453,113.26563262939453,113.26563262939453,0.0,0,0.0,0.0
2025-06-30,113.26563262939453,113.26563262939453,113.26563262939453,113.26563262939453,0.0,0,0.0,0.0
2025-07-01,111.67034149169922,111.67034149169922,111.67034149169922,111.67034149169922,0.0,800,0.0,0.0
2025-07-02,111.67034149169922,111.67034149169922,111.67034149169922,111.67034149169922,0.0,0,0.0,0.0
2025-07-03,111.67034149169922,111.67034149169922,111.67034149169922,111.67034149169922,0.0,0,0.0,0.0
2025-07-04,111.67034149169922,111.67034149169922,111.67034149169922,111.67034149169922,0.0,0,0.0,0.0
2025-07-07,111.67034149169922,111.67034149169922,111.67034149169922,111.67034149169922,0.0,0,0.0,0.0
2025-07-08,110.5536346435547,110.5536346435547,110.5536346435547,110.55363464355469,0.0,100,0.0,0.0
2025-07-09,110.5536346435547,110.5536346435547,110.5536346435547,110.55363464355469,0.0,0,0.0,0.0
2025-07-10,110.5536346435547,110.5536346435547,110.5536346435547,110.55363464355469,0.0,0,0.0,0.0
2025-07-11,111.75012207031251,111.75012207031251,111.75012207031251,111.7501220703125,0.0,100,0.0,0.0
2025-07-14,111.75012207031251,111.75012207031251,111.75012207031251,111.7501220703125,0.0,0,0.0,0.0
2025-07-15,104.49950431387224,105.56835824486421,104.49950431387224,105.53644561767578,0.0,300,0.0,0.0
2025-07-16,105.53644561767578,105.53644561767578,105.53644561767578,105.53644561767578,0.0,0,0.0,0.0
2025-07-17,105.53644561767578,105.53644561767578,105.53644561767578,105.53644561767578,0.0,0,0.0,0.0
2025-07-18,105.2891845703125,107.68212058327414,105.2891845703125,105.2891845703125,0.0,700,0.0,0.0
2025-07-21,105.2891845703125,105.2891845703125,105.2891845703125,105.2891845703125,0.0,0,0.0,0.0
2025-07-22,105.2891845703125,105.2891845703125,105.2891845703125,105.2891845703125,0.0,0,0.0,0.0
2025-07-23,104.49153900146484,104.49153900146484,104.49153900146484,104.49153900146484,0.0,200,0.0,0.0
2025-07-24,103.69389343261719,103.69389343261719,103.69389343261719,103.69389343261719,0.0,200,0.0,0.0
2025-07-25,103.69389343261719,103.69389343261719,103.69389343261719,103.69389343261719,0.0,0,0.0,0.0
2025-07-28,103.69389343261719,103.69389343261719,103.69389343261719,103.69389343261719,0.0,800,0.0,0.0
2025-07-29,103.69389343261719,103.69389343261719,103.69389343261719,103.69389343261719,0.0,400,0.0,0.0
2025-07-30,103.69389343261719,103.69389343261719,103.69389343261719,103.69389343261719,0.0,0,0.0,0.0
2025-07-31,102.89624738317775,102.89624738317775,101.30095672607422,101.30095672607422,0.0,500,0.0,0.0
2025-08-01,101.30095672607422,101.30095672607422,101.30095672607422,101.30095672607422,0.0,0,0.0,0.0
2025-08-04,101.30095672607422,101.30095672607422,101.30095672607422,101.30095672607422,0.0,0,0.0,0.0
2025-08-05,101.30095672607422,101.30095672607422,101.30095672607422,101.30095672607422,0.0,0,0.0,0.0
2025-08-06,101.30095672607422,101.30095672607422,101.30095672607422,101.30095672607422,0.0,0,0.0,0.0
2025-08-07,101.30095672607422,101.30095672607422,101.30095672607422,101.30095672607422,0.0,0,0.0,0.0
2025-08-08,103.69389343261719,103.69389343261719,103.69389343261719,103.69389343261719,0.0,100,0.0,0.0
2025-08-11,103.69389343261719,103.69389343261719,103.69389343261719,103.69389343261719,0.0,0,0.0,0.0
2025-08-12,104.22831726074219,104.22831726074219,104.22831726074219,104.22831726074219,0.0,100,0.0,0.0
2025-08-13,103.30303565516985,103.31101989746094,103.30303565516985,103.31101989746094,0.0,200,0.0,0.0
2025-08-14,103.70186478341839,103.70186478341839,99.70566606897069,101.30095672607422,0.0,1200,0.0,0.0
2025-08-15,101.29297856883444,101.30095672607422,101.29297856883444,101.30095672607422,0.0,1300,0.0,0.0
2025-08-18,95.7174373293611,95.75732202913531,95.7174373293611,95.74934387207031,0.0,3000,0.0,0.0
2025-08-19,95.74934387207031,95.74934387207031,95.74934387207031,95.74934387207031,0.0,0,0.0,0.0
2025-08-20,95.74934387207031,95.74934387207031,95.74934387207031,95.74934387207031,0.0,0,0.0,0.0
2025-08-21,95.74934387207031,95.74934387207031,95.74934387207031,95.74934387207031,0.0,0,0.0,0.0
2025-08-22,95.74934387207031,95.74934387207031,95.74934387207031,95.74934387207031,0.0,100,0.0,0.0
2025-08-25,95.74934387207031,95.74934387207031,95.74934387207031,95.74934387207031,0.0,0,0.0,0.0
2025-08-26,95.47814178466797,95.47814178466797,95.47814178466797,95.47814178466797,0.0,200,0.0,0.0
2025-08-27,95.47814178466797,95.47814178466797,95.47814178466797,95.47814178466797,0.0,200,0.0,0.0
2025-08-28,93.32450077451509,93.32450077451509,92.52685546875,92.52685546875,0.0,200,0.0,0.0
2025-08-29,92.52685546875,92.52685546875,92.52685546875,92.52685546875,0.0,100,0.0,0.0
2025-09-01,92.52685546875,92.52685546875,92.52685546875,92.52685546875,0.0,0,0.0,0.0
2025-09-02,92.52685546875,92.52685546875,92.52685546875,92.52685546875,0.0,0,0.0,0.0
2025-09-03,92.52685546875,92.52685546875,92.52685546875,92.52685546875,0.0,0,0.0,0.0
2025-09-04,92.52685546875,92.52685546875,92.52685546875,92.52685546875,0.0,0,0.0,0.0
2025-09-05,93.32450050685716,93.32450050685716,91.72920989990234,91.72920989990234,0.0,600,0.0,0.0
2025-09-08,91.72920989990234,91.72920989990234,91.72920989990234,91.72920989990234,0.0,0,0.0,0.0
2025-09-09,90.13391876220703,90.13391876220703,90.13391876220703,90.13391876220703,0.0,100,0.0,0.0
2025-09-10,90.13391876220703,90.13391876220703,90.13391876220703,90.13391876220703,0.0,0,0.0,0.0
2025-09-11,95.70946219197309,95.70946219197309,95.69351196289062,95.69351196289062,0.0,200,0.0,0.0
2025-09-12,95.69351196289062,95.69351196289062,95.69351196289062,95.69351196289062,0.0,0,0.0,0.0
2025-09-15,95.69351196289062,95.69351196289062,95.69351196289062,95.69351196289062,0.0,0,0.0,0.0
2025-09-16,87.8287313679938,88.53863525390625,87.8287313679938,88.53863525390625,0.0,200,0.0,0.0
2025-09-17,88.70613098144531,88.70613098144531,88.70613098144531,88.70613098144531,0.0,500,0.0,0.0
2025-09-18,88.70614004979615,88.70614004979615,87.74098989125845,88.53863525390625,0.0,2400,0.0,0.0
2025-09-19,88.53863525390625,88.53863525390625,88.53863525390625,88.53863525390625,0.0,0,0.0,0.0
2025-09-22,83.75276402982853,83.7607421875,83.75276402982853,83.7607421875,0.0,200,0.0,0.0
2025-09-23,93.39628357623847,93.39628357623847,90.54071807861328,90.54071807861328,0.0,600,0.0,0.0
2025-09-24,91.72920989990234,91.72920989990234,91.72920989990234,91.72920989990234,0.0,100,0.0,0.0
2025-09-25,91.72920989990234,91.72920989990234,91.72920989990234,91.72920989990234,0.0,100,0.0,0.0
2025-09-26,94.91181945800781,94.91181945800781,94.91181945800781,94.91181945800781,0.0,100,0.0,0.0
2025-09-29,94.91979718683434,107.68212285901376,93.3165283203125,93.3165283203125,0.0,1800,0.0,0.0
2025-09-30,95.70148751549227,95.71743774414062,95.70148751549227,95.71743774414062,0.0,200,0.0,0.0
2025-10-01,95.71743774414062,95.71743774414062,95.71743774414062,95.71743774414062,0.0,0,0.0,0.0
2025-10-02,83.76073494110985,83.76073494110985,68.59749603271484,68.59749603271484,0.0,4900,0.0,0.0
2025-10-03,61.74572697821178,63.0060019554447,59.82339884105482,60.62104415893555,0.0,1800,0.0,0.0
2025-10-06,60.58115688219429,60.58115688219429,57.58998706736145,58.945987701416016,0.0,900,0.0,0.0
2025-10-07,58.94598970724061,59.025753021240234,58.94598970724061,59.025753021240234,0.0,400,0.0,0.0
2025-10-08,59.03373143265295,59.82339859008788,59.03373143265295,59.82339859008789,0.0,400,0.0,0.0
2025-10-09,59.82339859008788,59.82339859008788,59.82339859008788,59.82339859008789,0.0,1000,0.0,0.0
2025-10-10,59.82339859008788,59.82339859008788,59.82339859008788,59.82339859008789,0.0,200,0.0,0.0
2025-10-13,59.82339859008788,59.82339859008788,59.82339859008788,59.82339859008789,0.0,100,0.0,0.0
2025-10-14,59.82339859008788,59.82339859008788,59.82339859008788,59.82339859008789,0.0,100,0.0,0.0
2025-10-15,59.82339859008788,59.82339859008788,59.82339859008788,59.82339859008789,0.0,100,0.0,0.0
2025-10-16,59.82339859008788,59.82339859008788,59.82339859008788,59.82339859008789,0.0,0,0.0,0.0
2025-10-17,59.82339859008788,59.82339859008788,59.82339859008788,59.82339859008789,0.0,0,0.0,0.0
2025-10-20,59.82339859008788,59.82339859008788,59.82339859008788,59.82339859008789,0.0,0,0.0,0.0
2025-10-21,59.863283290034936,59.863283290034936,59.82339859008788,59.82339859008789,0.0,300,0.0,0.0
2025-10-22,59.82339859008788,59.82339859008788,59.82339859008788,59.82339859008789,0.0,0,0.0,0.0
2025-10-23,59.82340259038246,59.98292922973633,59.82340259038246,59.98292922973633,0.0,600,0.0,0.0
2025-10-24,61.41071079746856,61.41071079746856,59.025753021240234,59.025753021240234,0.0,900,0.0,0.0
2025-10-27,61.8175180800168,63.80365340856875,59.83138275146485,59.831382751464844,0.0,6600,0.0,0.0
2025-10-28,61.01986556318755,61.81751086466713,59.823397610968186,59.83934783935547,0.0,8600,0.0,0.0
2025-10-29,60.07864905410686,60.97201405973845,59.90316609893359,59.9111442565918,0.0,4300,0.0,0.0
2025-10-30,60.36975643733514,60.36975643733514,57.681914389355725,60.31856155395508,0.0,900,4.897471,0.0
2025-10-31,58.961833815102935,60.3185567059078,58.961833815102935,59.64446258544922,0.0,1100,0.0,0.0
2025-11-03,59.72979272617521,59.72979272617521,58.04882466070507,59.29461669921875,0.0,1200,0.0,0.0
2025-11-04,59.260481639108285,59.72978973388672,59.260481639108285,59.72978973388672,0.0,600,0.0,0.0
2025-11-05,59.72979237607628,59.73832702636719,59.72979237607628,59.73832702636719,0.0,500,0.0,0.0
2025-11-06,59.73832702636719,59.73832702636719,59.73832702636719,59.73832702636719,0.0,100,0.0,0.0
2025-11-07,60.156429290771484,60.156429290771484,60.156429290771484,60.156429290771484,0.0,3300,0.0,0.0
2025-11-10,60.15643330838317,62.23844528198242,59.729791937401735,62.23844528198242,0.0,800,0.0,0.0
2025-11-11,59.90044632170992,61.86299924665044,59.73832702636719,59.73832702636719,0.0,3400,0.0,0.0
2025-11-12,62.136046717050654,62.136046717050654,59.72978973388672,59.72978973388672,0.0,900,0.0,0.0
2025-11-13,59.72978973388672,59.72978973388672,59.72978973388672,59.72978973388672,0.0,0,0.0,0.0
2025-11-14,59.72978973388672,61.402223065231894,59.72978973388672,59.72978973388672,0.0,1400,0.0,0.0
2025-11-17,59.72978991302599,59.81511688232422,59.72978991302599,59.81511688232422,0.0,200,0.0,0.0
2025-11-18,60.992652893066406,60.992652893066406,60.992652893066406,60.992652893066406,0.0,200,0.0,0.0
2025-11-19,67.47760118050168,72.98127229344321,60.24176062310081,62.71628189086914,0.0,27500,0.0,0.0
2025-11-21,63.14292316905179,65.70277140563496,63.14292316905179,65.6942367553711,0.0,4000,0.0,0.0
2025-11-24,66.55605671307814,72.5290361616877,66.55605671307814,71.37710571289062,0.0,9500,0.0,0.0
2025-11-25,72.46592655789887,72.46592655789887,62.05723591228352,70.55719757080078,0.0,6700,7.738004,0.0
2025-11-26,68.63906573717482,70.51958808613851,65.87469558863869,66.43885803222656,0.0,700,0.0,0.0
2025-11-27,66.48586203479124,70.51958304584853,66.48586203479124,70.48197174072266,0.0,1500,0.0,0.0
2025-11-28,66.51406955799305,70.51958393406223,66.51406955799305,69.5793228149414,0.0,1600,0.0,0.0
2025-12-01,70.51958420714305,70.51958420714305,66.75853971609541,66.7679443359375,0.0,1400,0.0,0.0
2025-12-02,66.76794644436515,66.89958243181884,62.527366638183594,62.527366638183594,0.0,4800,0.0,0.0
2025-12-03,62.066638907132074,63.467625975608826,60.17671203613281,60.17671203613281,0.0,2600,0.0,0.0
2025-12-04,59.23645180392699,59.33047648317683,59.23645180392699,59.27406311035156,0.0,1200,0.0,0.0
2025-12-05,60.92892219190427,66.73973608089814,60.92892219190427,62.997493743896484,0.0,6400,0.0,0.0
2025-12-08,65.67723473988926,68.63905856473598,65.44216947083194,68.53562927246094,0.0,9200,0.0,0.0
2025-12-09,68.50742497478144,71.45984428311505,67.69879984716162,68.73308563232422,0.0,4100,0.0,0.0
2025-12-10,68.5,68.5,66.0999984741211,67.25,0.0,1300,4.366912,0.0
2025-12-11,66.0,68.0,65.69999694824219,66.5999984741211,0.0,1000,0.0,0.0
2025-12-12,64.12000274658203,67.0,64.12000274658203,66.51000213623047,0.0,2600,0.0,0.0
2025-12-15,66.51000213623047,68.98999786376953,64.0,64.5,0.0,1900,0.0,0.0
2025-12-16,63.5,63.560001373291016,62.9900016784668,63.0,0.0,1600,0.0,0.0
2025-12-17,63.150001525878906,64.48999786376953,63.0099983215332,64.48999786376953,0.0,1200,0.0,0.0
2025-12-18,63.5,64.48999786376953,63.0,64.0,0.0,3000,0.0,0.0
2025-12-19,62.58000183105469,62.58000183105469,60.0,60.9900016784668,0.0,5200,0.0,0.0
2025-12-22,58.40999984741211,58.40999984741211,58.099998474121094,58.099998474121094,0.0,7000,0.0,0.0
2025-12-23,58.04999923706055,58.150001525878906,58.04999923706055,58.04999923706055,0.0,1000,0.0,0.0
2025-12-26,58.150001525878906,60.900001525878906,58.119998931884766,60.900001525878906,0.0,1100,0.0,0.0
2025-12-29,61.33000183105469,61.33000183105469,60.0,60.0,0.0,500,0.0,0.0
2025-12-30,61.5,64.37999725341797,59.79999923706055,59.79999923706055,0.0,3000,0.0,0.0
2026-01-02,64.30000305175781,64.30000305175781,63.790000915527344,63.790000915527344,0.0,300,0.0,0.0
2026-01-05,63.959999084472656,64.31999969482422,59.40999984741211,60.5,0.0,3000,0.0,0.0
2026-01-06,60.5,60.5,59.56999969482422,59.900001525878906,0.0,900,0.0,0.0
