Price,Fechamento,Maxima,Minima,Abertura,Volume
Ticker,ENEV3.SA,ENEV3.SA,ENEV3.SA,ENEV3.SA,ENEV3.SA
Date,,,,,
2015-01-02,5.989071846008301,6.131669044494629,5.846475124359131,5.989071846008301,72140
2015-01-05,5.561281204223633,5.989071846008301,5.561281204223633,5.846475124359131,53395
2015-01-06,5.703877925872803,5.846475124359131,5.276086807250977,5.561281204223633,240573
2015-01-07,5.846475124359131,5.846475124359131,5.561281204223633,5.846475124359131,371515
2015-01-08,5.989071846008301,6.416862964630127,5.846475124359131,5.846475124359131,240909
2015-01-09,5.989071846008301,6.416862964630127,5.846475124359131,5.989071846008301,442674
2015-01-12,5.418684005737305,6.131669044494629,5.418684005737305,5.989071846008301,122029
2015-01-13,5.561281204223633,5.989071846008301,5.418684005737305,5.561281204223633,281611
2015-01-14,5.989071846008301,5.989071846008301,5.561281204223633,5.561281204223633,311093
2015-01-15,5.703877925872803,6.131669044494629,5.703877925872803,5.989071846008301,18464
2015-01-16,5.846475124359131,6.131669044494629,5.561281204223633,5.846475124359131,73507
2015-01-19,5.846475124359131,6.131669044494629,5.846475124359131,5.989071846008301,38927
2015-01-20,5.703877925872803,6.131669044494629,5.703877925872803,5.846475124359131,62280
2015-01-21,5.989071846008301,5.989071846008301,5.703877925872803,5.846475124359131,59517
2015-01-22,5.989071846008301,6.559460163116455,5.846475124359131,5.989071846008301,249626
2015-01-23,6.131669044494629,6.274265766143799,5.989071846008301,5.989071846008301,93213
2015-01-26,6.274265766143799,6.416862964630127,6.131669044494629,6.131669044494629,91404
2015-01-27,6.559460163116455,6.987250804901123,6.416862964630127,6.416862964630127,291359
2015-01-28,6.702056884765625,6.844654083251953,6.416862964630127,6.702056884765625,87547
2015-01-29,6.274265766143799,6.702056884765625,6.274265766143799,6.702056884765625,110289
2015-01-30,5.989071846008301,6.416862964630127,5.846475124359131,6.274265766143799,107807
2015-02-02,5.989071846008301,5.989071846008301,5.846475124359131,5.989071846008301,37518
2015-02-03,6.131669044494629,6.274265766143799,5.989071846008301,5.989071846008301,41620
2015-02-04,6.131669044494629,6.274265766143799,5.989071846008301,6.131669044494629,32497
2015-02-05,6.274265766143799,6.274265766143799,5.989071846008301,5.989071846008301,15119
2015-02-06,6.131669044494629,6.274265766143799,5.989071846008301,6.131669044494629,37925
2015-02-09,6.274265766143799,6.274265766143799,5.989071846008301,6.274265766143799,7349
2015-02-10,6.131669044494629,6.274265766143799,5.989071846008301,6.274265766143799,4824
2015-02-11,5.989071846008301,6.131669044494629,5.989071846008301,6.131669044494629,7160
2015-02-12,5.989071846008301,6.131669044494629,5.846475124359131,6.131669044494629,21543
2015-02-13,3.8501179218292236,4.563101768493652,3.2797300815582275,3.5649240016937256,1166721
2015-02-18,3.5649240016937256,3.9927148818969727,3.4223270416259766,3.9927148818969727,322068
2015-02-19,3.5649240016937256,3.7075209617614746,3.4223270416259766,3.5649240016937256,497689
2015-02-20,3.7075209617614746,3.8501179218292236,3.5649240016937256,3.7075209617614746,143993
2015-02-23,3.7075209617614746,3.8501179218292236,3.5649240016937256,3.7075209617614746,65611
2015-02-24,3.5649240016937256,3.7075209617614746,3.4223270416259766,3.5649240016937256,135704
2015-02-25,3.4223270416259766,3.5649240016937256,3.2797300815582275,3.5649240016937256,117365
2015-02-26,3.4223270416259766,3.5649240016937256,3.2797300815582275,3.4223270416259766,51235
2015-02-27,3.2797300815582275,3.4223270416259766,3.2797300815582275,3.4223270416259766,67820
2015-03-02,3.2797300815582275,3.4223270416259766,3.1371328830718994,3.2797300815582275,171364
2015-03-03,3.2797300815582275,3.4223270416259766,3.2797300815582275,3.4223270416259766,67266
2015-03-04,3.2797300815582275,3.4223270416259766,3.2797300815582275,3.2797300815582275,76544
2015-03-05,3.2797300815582275,3.4223270416259766,3.1371328830718994,3.2797300815582275,40926
2015-03-06,3.2797300815582275,3.2797300815582275,3.1371328830718994,3.2797300815582275,42476
2015-03-09,3.1371328830718994,3.2797300815582275,3.1371328830718994,3.2797300815582275,13850
2015-03-10,2.9945359230041504,3.2797300815582275,2.9945359230041504,3.1371328830718994,66116
2015-03-11,2.7093420028686523,3.1371328830718994,2.7093420028686523,2.9945359230041504,116131
2015-03-12,2.9945359230041504,2.9945359230041504,2.8519389629364014,2.8519389629364014,40961
2015-03-13,3.2797300815582275,3.2797300815582275,2.8519389629364014,2.9945359230041504,80709
2015-03-16,2.9945359230041504,3.2797300815582275,2.8519389629364014,3.1371328830718994,70183
2015-03-17,3.1371328830718994,3.1371328830718994,2.9945359230041504,2.9945359230041504,17314
2015-03-18,2.9945359230041504,3.1371328830718994,2.9945359230041504,3.1371328830718994,28086
2015-03-19,2.9945359230041504,3.1371328830718994,2.9945359230041504,3.1371328830718994,41122
2015-03-20,2.8519389629364014,3.1371328830718994,2.8519389629364014,3.1371328830718994,90485
2015-03-23,2.9945359230041504,2.9945359230041504,2.8519389629364014,2.9945359230041504,46059
2015-03-24,2.9945359230041504,3.1371328830718994,2.8519389629364014,2.9945359230041504,9495
2015-03-25,2.9945359230041504,2.9945359230041504,2.8519389629364014,2.9945359230041504,290041
2015-03-26,3.1371328830718994,3.1371328830718994,2.9945359230041504,3.1371328830718994,5967
2015-03-27,2.8519389629364014,2.9945359230041504,2.8519389629364014,2.9945359230041504,32967
2015-03-30,2.9945359230041504,2.9945359230041504,2.8519389629364014,2.9945359230041504,22784
2015-03-31,2.8519389629364014,2.9945359230041504,2.8519389629364014,2.8519389629364014,5547
2015-04-01,2.8519389629364014,2.9945359230041504,2.8519389629364014,2.8519389629364014,45043
2015-04-02,2.8519389629364014,2.9945359230041504,2.8519389629364014,2.9945359230041504,105009
2015-04-06,2.9945359230041504,2.9945359230041504,2.8519389629364014,2.8519389629364014,26943
2015-04-07,2.9945359230041504,3.1371328830718994,2.8519389629364014,2.9945359230041504,41859
2015-04-08,3.5649240016937256,3.5649240016937256,2.8519389629364014,2.9945359230041504,249689
2015-04-09,3.5649240016937256,3.8501179218292236,3.4223270416259766,3.5649240016937256,284122
2015-04-10,3.5649240016937256,3.7075209617614746,3.4223270416259766,3.5649240016937256,111033
2015-04-13,3.5649240016937256,3.7075209617614746,3.4223270416259766,3.5649240016937256,122954
2015-04-14,4.135311126708984,4.563101768493652,3.4223270416259766,3.5649240016937256,577985
2015-04-15,3.8501179218292236,4.277907848358154,3.8501179218292236,4.135311126708984,252130
2015-04-16,3.8501179218292236,3.8501179218292236,3.7075209617614746,3.7075209617614746,65499
2015-04-17,4.420505046844482,4.563101768493652,4.135311126708984,4.420505046844482,611682
2015-04-20,4.135311126708984,4.277907848358154,3.9927148818969727,4.135311126708984,165277
2015-04-22,3.9927148818969727,4.277907848358154,3.8501179218292236,4.277907848358154,145430
2015-04-23,3.9927148818969727,4.135311126708984,3.9927148818969727,3.9927148818969727,59096
2015-04-24,3.8501179218292236,4.135311126708984,3.8501179218292236,3.9927148818969727,139098
2015-04-27,4.135311126708984,4.277907848358154,3.8501179218292236,3.9927148818969727,165326
2015-04-28,3.9927148818969727,4.277907848358154,3.9927148818969727,4.135311126708984,59194
2015-04-29,3.9927148818969727,4.135311126708984,3.8501179218292236,4.135311126708984,204211
2015-04-30,3.7075209617614746,4.135311126708984,3.5649240016937256,4.135311126708984,528159
2015-05-04,3.7075209617614746,3.8501179218292236,3.7075209617614746,3.7075209617614746,169470
2015-05-05,3.7075209617614746,3.8501179218292236,3.5649240016937256,3.7075209617614746,79412
2015-05-06,3.5649240016937256,3.7075209617614746,3.5649240016937256,3.7075209617614746,161497
2015-05-07,3.5649240016937256,3.5649240016937256,3.4223270416259766,3.5649240016937256,40681
2015-05-08,3.4223270416259766,3.5649240016937256,3.4223270416259766,3.5649240016937256,56207
2015-05-11,3.4223270416259766,3.5649240016937256,3.2797300815582275,3.4223270416259766,116440
2015-05-12,3.5649240016937256,3.7075209617614746,3.2797300815582275,3.5649240016937256,192451
2015-05-13,3.5649240016937256,3.7075209617614746,3.4223270416259766,3.7075209617614746,23913
2015-05-14,3.5649240016937256,3.7075209617614746,3.4223270416259766,3.4223270416259766,58991
2015-05-15,3.5649240016937256,3.5649240016937256,3.4223270416259766,3.5649240016937256,46992
2015-05-18,4.420505046844482,4.7056989669799805,3.2797300815582275,3.5649240016937256,1027602
2015-05-19,4.135311126708984,4.7056989669799805,3.9927148818969727,4.420505046844482,1113768
2015-05-20,3.8501179218292236,4.277907848358154,3.8501179218292236,4.135311126708984,110563
2015-05-21,4.277907848358154,4.563101768493652,3.7075209617614746,3.8501179218292236,556701
2015-05-22,4.277907848358154,4.563101768493652,4.277907848358154,4.420505046844482,493229
2015-05-25,4.563101768493652,4.563101768493652,4.135311126708984,4.277907848358154,84882
2015-05-26,4.848296165466309,5.133490085601807,4.420505046844482,4.420505046844482,434392
2015-05-27,4.563101768493652,5.418684005737305,4.563101768493652,4.9908928871154785,634080
2015-05-28,4.420505046844482,4.848296165466309,4.277907848358154,4.563101768493652,162647
2015-05-29,4.277907848358154,4.7056989669799805,4.277907848358154,4.7056989669799805,136082
2015-06-01,4.277907848358154,4.420505046844482,4.135311126708984,4.420505046844482,160129
2015-06-02,4.563101768493652,4.7056989669799805,4.135311126708984,4.420505046844482,89672
2015-06-03,4.420505046844482,4.848296165466309,4.277907848358154,4.420505046844482,174042
2015-06-05,4.277907848358154,4.7056989669799805,4.135311126708984,4.563101768493652,704937
2015-06-08,3.9927148818969727,4.420505046844482,3.9927148818969727,4.277907848358154,809098
2015-06-09,3.8501179218292236,4.135311126708984,3.7075209617614746,3.9927148818969727,295917
2015-06-10,3.7075209617614746,3.9927148818969727,3.7075209617614746,3.8501179218292236,116362
2015-06-11,4.135311126708984,4.277907848358154,3.8501179218292236,3.8501179218292236,275111
2015-06-12,4.563101768493652,4.563101768493652,4.135311126708984,4.277907848358154,375092
2015-06-15,4.420505046844482,4.563101768493652,4.277907848358154,4.563101768493652,123621
2015-06-16,4.277907848358154,4.420505046844482,4.135311126708984,4.420505046844482,102737
2015-06-17,4.277907848358154,4.420505046844482,3.9927148818969727,4.277907848358154,159421
2015-06-18,4.135311126708984,4.277907848358154,4.135311126708984,4.277907848358154,35954
2015-06-19,4.135311126708984,4.277907848358154,3.9927148818969727,4.135311126708984,53472
2015-06-22,4.420505046844482,4.420505046844482,3.9927148818969727,4.135311126708984,100927
2015-06-23,4.277907848358154,4.420505046844482,4.135311126708984,4.277907848358154,48773
2015-06-24,4.277907848358154,4.420505046844482,4.135311126708984,4.277907848358154,55716
2015-06-25,4.135311126708984,4.277907848358154,4.135311126708984,4.277907848358154,27216
2015-06-26,4.277907848358154,4.277907848358154,3.9927148818969727,4.135311126708984,47266
2015-06-29,4.135311126708984,4.277907848358154,3.9927148818969727,4.135311126708984,45092
2015-06-30,4.277907848358154,4.277907848358154,4.135311126708984,4.135311126708984,18962
2015-07-01,4.7056989669799805,4.9908928871154785,3.9927148818969727,4.135311126708984,309536
2015-07-02,4.563101768493652,4.848296165466309,4.420505046844482,4.7056989669799805,153635
2015-07-03,4.420505046844482,4.563101768493652,4.277907848358154,4.563101768493652,61116
2015-07-06,4.277907848358154,4.563101768493652,4.135311126708984,4.277907848358154,70267
2015-07-07,4.135311126708984,4.277907848358154,4.135311126708984,4.277907848358154,65583
2015-07-08,4.277907848358154,4.563101768493652,4.135311126708984,4.277907848358154,128859
2015-07-10,4.277907848358154,4.420505046844482,4.135311126708984,4.277907848358154,35435
2015-07-13,4.277907848358154,4.420505046844482,4.135311126708984,4.277907848358154,21381
2015-07-14,4.277907848358154,4.277907848358154,4.135311126708984,4.277907848358154,14025
2015-07-15,4.135311126708984,4.420505046844482,3.9927148818969727,4.277907848358154,73935
2015-07-16,4.277907848358154,4.277907848358154,3.9927148818969727,4.135311126708984,54706
2015-07-17,4.277907848358154,4.420505046844482,3.9927148818969727,4.277907848358154,125928
2015-07-20,4.135311126708984,4.420505046844482,4.135311126708984,4.277907848358154,30302
2015-07-21,4.135311126708984,4.277907848358154,3.9927148818969727,4.135311126708984,39124
2015-07-22,4.135311126708984,4.277907848358154,3.9927148818969727,4.135311126708984,17069
2015-07-23,3.9927148818969727,4.135311126708984,3.8501179218292236,3.9927148818969727,78437
2015-07-24,3.8501179218292236,4.135311126708984,3.8501179218292236,3.9927148818969727,16907
2015-07-27,3.7075209617614746,3.9927148818969727,3.7075209617614746,3.8501179218292236,29257
2015-07-28,3.7075209617614746,3.9927148818969727,3.5649240016937256,3.8501179218292236,87905
2015-07-29,3.7075209617614746,3.8501179218292236,3.5649240016937256,3.7075209617614746,24095
2015-07-30,3.7075209617614746,3.8501179218292236,3.7075209617614746,3.7075209617614746,8247
2015-07-31,3.7075209617614746,3.8501179218292236,3.5649240016937256,3.8501179218292236,28892
2015-08-03,3.5649240016937256,3.8501179218292236,3.5649240016937256,3.7075209617614746,29446
2015-08-04,3.7075209617614746,3.7075209617614746,3.5649240016937256,3.7075209617614746,18541
2015-08-05,3.7075209617614746,3.9927148818969727,3.5649240016937256,3.8501179218292236,63795
2015-08-06,4.135311126708984,4.420505046844482,3.7075209617614746,3.8501179218292236,1764153
2015-08-07,3.9927148818969727,4.135311126708984,3.9927148818969727,4.135311126708984,19032
2015-08-10,4.135311126708984,4.277907848358154,3.9927148818969727,3.9927148818969727,17798
2015-08-11,3.9927148818969727,4.135311126708984,3.9927148818969727,4.135311126708984,8808
2015-08-12,3.9927148818969727,4.135311126708984,3.8501179218292236,3.9927148818969727,15757
2015-08-13,4.135311126708984,4.420505046844482,3.9927148818969727,3.9927148818969727,54292
2015-08-14,4.277907848358154,4.420505046844482,4.135311126708984,4.277907848358154,118137
2015-08-17,4.277907848358154,4.420505046844482,3.9927148818969727,4.135311126708984,101923
2015-08-18,4.277907848358154,4.420505046844482,4.135311126708984,4.135311126708984,35484
2015-08-19,4.420505046844482,4.848296165466309,4.135311126708984,4.277907848358154,178404
2015-08-20,4.277907848358154,4.563101768493652,4.277907848358154,4.563101768493652,21122
2015-08-21,4.135311126708984,4.420505046844482,4.135311126708984,4.420505046844482,28184
2015-08-24,3.8501179218292236,4.135311126708984,3.8501179218292236,4.135311126708984,124301
2015-08-25,3.8501179218292236,4.135311126708984,3.8501179218292236,3.9927148818969727,41466
2015-08-26,3.8501179218292236,4.135311126708984,3.8501179218292236,3.9927148818969727,13198
2015-08-27,4.135311126708984,4.135311126708984,3.8501179218292236,3.9927148818969727,38303
2015-08-28,4.135311126708984,4.135311126708984,3.8501179218292236,3.9927148818969727,2594
2015-08-31,3.9927148818969727,3.9927148818969727,3.8501179218292236,3.9927148818969727,38507
2015-09-01,3.8501179218292236,3.9927148818969727,3.8501179218292236,3.9927148818969727,24832
2015-09-02,3.8501179218292236,3.9927148818969727,3.7075209617614746,3.8501179218292236,19867
2015-09-03,3.8501179218292236,3.9927148818969727,3.8501179218292236,3.9927148818969727,8331
2015-09-04,3.8501179218292236,3.9927148818969727,3.8501179218292236,3.9927148818969727,117295
2015-09-08,4.25,5.0,4.0,4.5,136312
2015-09-09,4.0,4.25,3.75,4.0,20944
2015-09-10,4.0,4.25,3.75,4.0,41620
2015-09-11,4.0,4.25,3.75,4.0,30916
2015-09-14,4.0,4.0,3.75,4.0,10204
2015-09-15,3.75,4.0,3.75,4.0,16084
2015-09-16,3.75,4.0,3.75,4.0,6284
2015-09-17,3.75,4.0,3.75,4.0,15444
2015-09-18,4.0,4.0,3.75,3.75,98892
2015-09-21,3.75,4.0,3.75,4.0,15868
2015-09-22,4.0,4.0,3.75,3.75,18636
2015-09-23,3.75,4.0,3.75,4.0,23568
2015-09-24,3.75,4.0,3.5,4.0,82916
2015-09-25,3.5,3.75,3.25,3.75,43308
2015-09-28,3.5,3.5,3.5,3.5,1104
2015-09-29,3.5,3.75,3.5,3.75,17804
2015-09-30,3.75,3.75,3.5,3.5,20984
2015-10-01,3.75,3.75,3.5,3.5,9856
2015-10-02,3.25,3.75,3.0,3.5,367460
2015-10-05,3.5,3.5,3.0,3.5,84572
2015-10-06,3.75,4.0,3.5,3.75,233736
2015-10-07,4.0,4.0,3.75,4.0,42200
2015-10-08,4.0,4.25,3.75,4.0,27568
2015-10-09,4.75,5.0,4.25,4.25,130756
2015-10-13,4.5,5.0,4.25,4.75,45528
2015-10-14,4.25,4.5,4.25,4.5,45336
2015-10-15,4.5,4.5,4.0,4.25,7432
2015-10-16,4.25,4.25,4.0,4.25,6040
2015-10-19,4.0,4.25,3.75,4.0,28708
2015-10-20,4.0,4.25,3.75,4.25,11120
2015-10-21,4.0,4.25,4.0,4.0,10096
2015-10-22,4.0,4.5,4.0,4.0,19148
2015-10-23,4.25,4.5,4.0,4.25,80964
2015-10-26,4.75,5.0,4.25,4.25,63920
2015-10-27,4.25,4.75,4.0,4.75,90316
2015-10-28,4.25,4.5,4.25,4.25,300
2015-10-29,4.5,4.5,4.25,4.25,10252
2015-10-30,4.5,4.75,4.25,4.25,40148
2015-11-03,4.25,4.5,4.0,4.25,79588
2015-11-04,4.25,4.25,4.0,4.25,53856
2015-11-05,4.25,4.5,4.25,4.25,75324
2015-11-06,4.75,5.0,4.25,4.25,102132
2015-11-09,4.75,5.0,4.5,4.75,42572
2015-11-10,4.75,5.0,4.5,4.75,9128
2015-11-11,5.0,5.75,4.75,4.75,207756
2015-11-12,5.25,5.75,5.0,5.25,308556
2015-11-13,4.75,5.25,4.75,5.25,60648
2015-11-16,4.75,5.25,4.75,5.0,3073308
2015-11-17,4.5,5.0,4.5,4.75,145640
2015-11-18,4.5,4.75,4.25,4.5,40800
2015-11-19,4.25,4.5,4.25,4.5,4156
2015-11-23,4.25,4.5,4.25,4.5,40076
2015-11-24,4.25,4.5,4.25,4.5,8212
2015-11-25,4.25,4.5,4.25,4.25,4748
2015-11-26,4.25,4.5,4.0,4.25,19308
2015-11-27,3.5,4.0,3.5,4.0,321852
2015-11-30,3.75,3.75,3.5,3.75,26320
2015-12-01,3.5,3.75,3.5,3.75,24808
2015-12-02,3.75,3.75,3.5,3.75,3684
2015-12-03,3.75,3.75,3.5,3.75,29520
2015-12-04,3.5,3.75,3.5,3.5,26440
2015-12-07,3.5,3.75,3.25,3.5,35816
2015-12-08,3.25,3.5,3.25,3.5,31264
2015-12-09,3.5,3.5,3.25,3.5,5172
2015-12-10,3.25,3.5,3.25,3.5,11016
2015-12-11,3.25,3.5,3.25,3.25,10144
2015-12-14,3.25,3.25,3.25,3.25,3280
2015-12-15,3.25,3.5,3.25,3.25,13000
2015-12-16,3.25,3.5,3.25,3.5,2980
2015-12-17,3.25,3.5,3.25,3.25,7108
2015-12-18,3.75,3.75,3.25,3.5,142404
2015-12-21,3.5,4.25,3.5,3.75,82560
2015-12-22,3.5,3.75,3.5,3.75,6320
2015-12-23,3.5,3.75,3.5,3.5,34840
2015-12-28,3.25,3.5,3.25,3.5,15384
2015-12-29,3.25,3.5,3.25,3.5,5868
2015-12-30,3.5,3.5,3.25,3.5,7768
2016-01-04,3.25,3.5,3.25,3.5,4980
2016-01-05,3.25,3.5,3.25,3.25,3968
2016-01-06,3.5,3.5,3.25,3.25,3296
2016-01-07,3.5,3.5,3.0,3.25,48512
2016-01-08,3.5,3.5,3.25,3.25,5196
2016-01-11,3.25,3.25,3.0,3.25,14912
2016-01-12,3.25,3.25,3.0,3.25,10252
2016-01-13,3.25,3.25,3.0,3.25,42144
2016-01-14,3.0,3.25,2.75,3.0,34492
2016-01-15,3.0,3.0,2.75,3.0,9524
2016-01-18,3.5,3.75,3.0,3.0,247976
2016-01-19,3.0,3.5,3.0,3.5,42696
2016-01-20,3.0,3.25,2.75,3.0,34676
2016-01-21,3.25,3.25,3.0,3.0,508
2016-01-22,3.25,3.25,3.0,3.25,2824
2016-01-26,3.25,3.25,2.75,3.0,14028
2016-01-27,3.25,3.25,3.0,3.0,12280
2016-01-28,3.0,3.25,3.0,3.0,7072
2016-01-29,3.0,3.25,3.0,3.0,17984
2016-02-01,3.25,3.25,3.0,3.25,13544
2016-02-02,2.75,3.0,2.75,3.0,23912
2016-02-03,3.25,3.25,2.75,3.25,11584
2016-02-04,3.0,3.25,3.0,3.0,6996
2016-02-05,3.0,3.25,2.75,3.0,22940
2016-02-10,2.75,3.25,2.75,3.25,780
2016-02-11,3.0,3.0,2.75,2.75,2800
2016-02-12,2.75,3.0,2.75,3.0,4260
2016-02-15,2.75,3.0,2.75,2.75,8580
2016-02-16,3.0,3.0,3.0,3.0,7816
2016-02-17,3.25,3.25,3.25,3.25,324
2016-02-18,3.25,3.25,3.0,3.25,5488
2016-02-19,3.0,3.0,3.0,3.0,7288
2016-02-22,3.25,3.25,3.0,3.25,3332
2016-02-23,3.25,3.25,3.0,3.0,2036
2016-02-24,3.0,3.25,3.0,3.25,15096
2016-02-25,3.0,3.25,3.0,3.0,14644
2016-02-26,3.0,3.0,3.0,3.0,7940
2016-02-29,3.0,3.25,3.0,3.0,17620
2016-03-01,3.0,3.5,3.0,3.25,17500
2016-03-02,3.5,3.5,3.0,3.25,17568
2016-03-03,3.25,3.5,3.25,3.5,34524
2016-03-04,3.0,3.25,3.0,3.25,22600
2016-03-07,3.25,3.25,3.0,3.25,6920
2016-03-08,3.5,3.5,3.0,3.25,18616
2016-03-09,3.5,3.5,3.25,3.5,13412
2016-03-10,3.25,3.5,3.25,3.5,7200
2016-03-11,3.5,3.5,3.25,3.25,6100
2016-03-14,3.25,3.5,3.25,3.5,1728
2016-03-15,3.5,3.5,3.25,3.25,14340
2016-03-16,3.5,3.5,3.25,3.5,6940
2016-03-17,3.5,3.5,3.25,3.5,28640
2016-03-18,3.25,3.5,3.25,3.25,35032
2016-03-21,3.25,3.5,3.25,3.5,16244
2016-03-22,3.5,3.75,3.25,3.25,26260
2016-03-23,3.5,3.5,3.25,3.5,16568
2016-03-24,3.5,3.75,3.25,3.5,50144
2016-03-28,3.5,3.75,3.5,3.75,46728
2016-03-29,3.5,3.75,3.5,3.75,26516
2016-03-30,3.5,3.75,3.5,3.75,24436
2016-03-31,3.5,3.75,3.25,3.75,885360
2016-04-01,3.5,3.75,3.25,3.5,115592
2016-04-04,3.25,3.75,3.25,3.5,73948
2016-04-05,3.25,3.5,3.25,3.5,42348
2016-04-06,3.5,3.5,3.0,3.25,33520
2016-04-07,3.25,3.5,3.0,3.5,85408
2016-04-08,3.25,3.5,3.0,3.25,49120
2016-04-11,3.25,3.5,3.25,3.25,57256
2016-04-12,3.5,3.5,3.0,3.25,22396
2016-04-13,3.25,3.5,3.0,3.25,49180
2016-04-14,3.5,3.5,3.25,3.5,38604
2016-04-15,3.25,3.5,3.25,3.5,20732
2016-04-18,3.25,3.5,3.25,3.5,13196
2016-04-19,3.25,3.5,3.25,3.25,4208
2016-04-20,3.5,3.5,3.25,3.5,11324
2016-04-22,3.5,3.5,3.25,3.5,11416
2016-04-25,3.25,3.5,3.0,3.5,105708
2016-04-26,3.25,3.25,3.0,3.25,35756
2016-04-27,3.25,3.25,3.0,3.25,29336
2016-04-28,3.25,3.25,3.0,3.25,104368
2016-04-29,3.0,3.25,3.0,3.25,28040
2016-05-02,3.25,3.25,3.0,3.25,6360
2016-05-03,3.25,3.25,3.0,3.25,24900
2016-05-04,3.25,3.25,3.0,3.25,52992
2016-05-05,3.0,3.25,3.0,3.0,47828
2016-05-06,3.0,3.25,3.0,3.25,34736
2016-05-09,2.75,3.25,2.75,3.0,117328
2016-05-10,3.0,3.0,2.75,3.0,77940
2016-05-11,3.0,3.25,2.75,2.75,69872
2016-05-12,3.0999999046325684,3.112499952316284,2.799999952316284,3.0975000858306885,40400
2016-05-13,2.9625000953674316,3.125,2.947499990463257,3.125,36800
2016-05-16,2.984999895095825,3.109999895095825,2.9000000953674316,3.109999895095825,21600
2016-05-17,2.882499933242798,3.0,2.880000114440918,2.9549999237060547,43200
2016-05-18,2.9000000953674316,2.9375,2.752500057220459,2.882499933242798,33200
2016-05-19,2.9000000953674316,2.924999952316284,2.875,2.924999952316284,16400
2016-05-20,2.924999952316284,2.992500066757202,2.9124999046325684,2.947499990463257,26800
2016-05-23,2.877500057220459,2.887500047683716,2.875,2.875,8800
2016-05-24,2.9000000953674316,2.950000047683716,2.887500047683716,2.887500047683716,21600
2016-05-25,2.9049999713897705,2.9049999713897705,2.9049999713897705,2.9049999713897705,800
2016-05-27,2.8524999618530273,2.9024999141693115,2.8499999046325684,2.9024999141693115,4800
2016-05-30,2.882499933242798,2.8975000381469727,2.8375000953674316,2.8375000953674316,6000
2016-05-31,2.8499999046325684,2.9000000953674316,2.8499999046325684,2.8499999046325684,17200
2016-06-01,2.869999885559082,2.869999885559082,2.7825000286102295,2.825000047683716,22800
2016-06-02,2.799999952316284,2.817500114440918,2.799999952316284,2.817500114440918,3200
2016-06-03,2.8125,2.8125,2.802500009536743,2.802500009536743,2000
2016-06-06,2.825000047683716,2.825000047683716,2.8125,2.8125,12400
2016-06-07,2.869999885559082,2.9000000953674316,2.869999885559082,2.875,6000
2016-06-08,2.875,2.877500057220459,2.8324999809265137,2.8499999046325684,16800
2016-06-09,2.8499999046325684,2.8499999046325684,2.8424999713897705,2.8424999713897705,2400
2016-06-10,2.7825000286102295,2.8499999046325684,2.7825000286102295,2.8499999046325684,23600
2016-06-13,2.6575000286102295,2.7874999046325684,2.557499885559082,2.7825000286102295,34800
2016-06-14,2.555000066757202,2.674999952316284,2.555000066757202,2.674999952316284,11200
2016-06-15,2.5999999046325684,2.625,2.5999999046325684,2.609999895095825,21600
2016-06-16,2.4175000190734863,2.6524999141693115,2.362499952316284,2.6524999141693115,41600
2016-06-17,2.3575000762939453,2.380000114440918,2.3475000858306885,2.375,40800
2016-06-20,2.307499885559082,2.375,2.307499885559082,2.375,20000
2016-06-21,2.247499942779541,2.4749999046325684,2.234999895095825,2.309999942779541,50000
2016-06-22,2.2249999046325684,2.252500057220459,2.174999952316284,2.184999942779541,98400
2016-06-23,2.244999885559082,2.2850000858306885,2.2249999046325684,2.25,31600
2016-06-24,2.174999952316284,2.2225000858306885,2.1649999618530273,2.2225000858306885,74800
2016-06-27,2.125,2.1624999046325684,2.125,2.1500000953674316,48400
2016-06-28,2.2750000953674316,2.3424999713897705,2.1424999237060547,2.2049999237060547,430800
2016-06-29,2.174999952316284,2.297499895095825,2.174999952316284,2.262500047683716,2204400
2016-06-30,2.9000000953674316,3.497499942779541,2.252500057220459,2.252500057220459,1021200
2016-07-01,2.9749999046325684,3.4725000858306885,2.9749999046325684,3.305000066757202,859200
2016-07-04,2.819999933242798,3.0374999046325684,2.762500047683716,2.987499952316284,236000
2016-07-05,2.7125000953674316,2.8125,2.680000066757202,2.75,94800
2016-07-06,2.5174999237060547,2.7149999141693115,2.4749999046325684,2.7149999141693115,162800
2016-07-07,2.4375,2.5875000953674316,2.430000066757202,2.5174999237060547,98000
2016-07-08,2.4574999809265137,2.5875000953674316,2.3575000762939453,2.4375,192000
2016-07-11,2.4200000762939453,2.5,2.4049999713897705,2.4700000286102295,2498000
2016-07-12,2.484999895095825,2.549999952316284,2.424999952316284,2.4574999809265137,526000
2016-07-13,2.5250000953674316,2.572499990463257,2.487499952316284,2.5,617200
2016-07-14,2.575000047683716,2.637500047683716,2.452500104904175,2.5625,86800
2016-07-15,2.612499952316284,2.612499952316284,2.5,2.5350000858306885,111200
2016-07-18,2.747499942779541,2.8499999046325684,2.6624999046325684,2.7225000858306885,342000
2016-07-19,2.7850000858306885,2.797499895095825,2.6649999618530273,2.75,106000
2016-07-20,2.75,2.875,2.7249999046325684,2.7274999618530273,1101200
2016-07-21,2.802500009536743,2.822499990463257,2.7249999046325684,2.752500057220459,49600
2016-07-22,2.7249999046325684,2.802500009536743,2.7225000858306885,2.802500009536743,93600
2016-07-25,2.7950000762939453,2.7950000762939453,2.737499952316284,2.740000009536743,885600
2016-07-26,2.952500104904175,3.072499990463257,2.7950000762939453,2.7950000762939453,190800
2016-07-27,3.002500057220459,3.069999933242798,2.950000047683716,2.950000047683716,54800
2016-07-28,2.952500104904175,3.059999942779541,2.952500104904175,3.0,16000
2016-07-29,2.9749999046325684,3.049999952316284,2.8924999237060547,2.947499990463257,44000
2016-08-01,2.947499990463257,3.049999952316284,2.9375,3.0,223600
2016-08-02,2.930000066757202,2.930000066757202,2.8399999141693115,2.9000000953674316,184400
2016-08-03,3.25,3.3375000953674316,2.9100000858306885,2.952500104904175,146800
2016-08-04,3.259999990463257,3.3475000858306885,3.1500000953674316,3.252500057220459,718800
2016-08-05,3.362499952316284,3.4375,3.259999990463257,3.259999990463257,137200
2016-08-08,3.3125,3.375,3.2300000190734863,3.375,60800
2016-08-09,3.309999942779541,3.3350000381469727,3.25,3.3350000381469727,118400
2016-08-10,3.2799999713897705,3.3125,3.255000114440918,3.299999952316284,86800
2016-08-11,3.450000047683716,3.5250000953674316,3.2874999046325684,3.2874999046325684,404000
2016-08-12,3.6875,3.7100000381469727,3.4200000762939453,3.450000047683716,251200
2016-08-15,3.6500000953674316,3.737499952316284,3.625,3.7100000381469727,162400
2016-08-16,3.6500000953674316,3.7100000381469727,3.625,3.6500000953674316,46800
2016-08-17,3.6500000953674316,3.697499990463257,3.625,3.6500000953674316,137200
2016-08-18,3.6500000953674316,3.674999952316284,3.630000114440918,3.6500000953674316,8400
2016-08-19,3.674999952316284,3.697499990463257,3.630000114440918,3.697499990463257,26000
2016-08-22,3.700000047683716,3.737499952316284,3.625,3.625,110800
2016-08-23,3.7249999046325684,3.75,3.680000066757202,3.7100000381469727,45600
2016-08-24,3.7049999237060547,3.75,3.690000057220459,3.690000057220459,23600
2016-08-25,3.700000047683716,3.740000009536743,3.6875,3.740000009536743,33600
2016-08-26,3.700000047683716,3.740000009536743,3.674999952316284,3.740000009536743,106400
2016-08-29,3.744999885559082,3.75,3.5824999809265137,3.625,430800
2016-08-30,3.7274999618530273,3.75,3.700000047683716,3.75,233600
2016-08-31,3.744999885559082,3.744999885559082,3.702500104904175,3.7274999618530273,39200
2016-09-01,3.744999885559082,3.747499942779541,3.672499895095825,3.7125000953674316,153200
2016-09-02,3.674999952316284,3.8450000286102295,3.674999952316284,3.7874999046325684,159200
2016-09-05,3.5425000190734863,3.6524999141693115,3.5425000190734863,3.625,82000
2016-09-06,3.450000047683716,3.547499895095825,3.375,3.424999952316284,118000
2016-09-08,3.382499933242798,3.452500104904175,3.25,3.452500104904175,48800
2016-09-09,3.424999952316284,3.5999999046325684,3.3375000953674316,3.3375000953674316,26000
2016-09-12,3.494999885559082,3.494999885559082,3.3499999046325684,3.3499999046325684,20400
2016-09-13,3.327500104904175,3.5,3.2925000190734863,3.494999885559082,211600
2016-09-14,3.3375000953674316,3.3375000953674316,3.257499933242798,3.3375000953674316,5200
2016-09-15,3.2799999713897705,3.3499999046325684,3.2799999713897705,3.2850000858306885,14800
2016-09-16,3.049999952316284,3.297499895095825,3.049999952316284,3.2750000953674316,1746000
2016-09-19,3.0999999046325684,3.172499895095825,3.0299999713897705,3.057499885559082,366000
2016-09-20,3.25,3.4625000953674316,3.0875000953674316,3.0875000953674316,906800
2016-09-21,3.125,3.252500057220459,3.125,3.247499942779541,9600
2016-09-22,3.424999952316284,3.424999952316284,3.1500000953674316,3.1649999618530273,48400
2016-09-23,3.194999933242798,3.427500009536743,3.194999933242798,3.422499895095825,315600
2016-09-26,3.247499942779541,3.3399999141693115,3.1549999713897705,3.2750000953674316,224800
2016-09-27,3.2249999046325684,3.265000104904175,3.174999952316284,3.177500009536743,82000
2016-09-28,3.25,3.25,3.174999952316284,3.25,491600
2016-09-29,3.2325000762939453,3.25,3.130000114440918,3.25,456800
2016-09-30,3.247499942779541,3.247499942779541,3.1700000762939453,3.247499942779541,25600
2016-10-03,3.265000104904175,3.365000009536743,3.2274999618530273,3.2774999141693115,15200
2016-10-04,3.4725000858306885,3.502500057220459,3.2300000190734863,3.2300000190734863,30800
2016-10-05,3.497499942779541,3.5425000190734863,3.377500057220459,3.4749999046325684,328000
2016-10-06,3.490000009536743,3.512500047683716,3.4700000286102295,3.497499942779541,107200
2016-10-07,3.4725000858306885,3.5,3.4725000858306885,3.4749999046325684,7600
2016-10-10,3.502500057220459,3.6024999618530273,3.497499942779541,3.497499942779541,45200
2016-10-11,3.5374999046325684,3.5374999046325684,3.377500057220459,3.377500057220459,9200
2016-10-13,3.5225000381469727,3.5374999046325684,3.4200000762939453,3.5374999046325684,30800
2016-10-14,3.502500057220459,3.5999999046325684,3.5,3.5225000381469727,737600
2016-10-17,3.559999942779541,3.559999942779541,3.427500009536743,3.5,22800
2016-10-18,3.559999942779541,3.559999942779541,3.5250000953674316,3.5374999046325684,23600
2016-10-19,3.5975000858306885,3.5999999046325684,3.5250000953674316,3.5250000953674316,8400
2016-10-20,3.575000047683716,3.575000047683716,3.5,3.5,10400
2016-10-21,3.5374999046325684,3.5374999046325684,3.4149999618530273,3.5,40000
2016-10-24,3.5350000858306885,3.5975000858306885,3.5350000858306885,3.5950000286102295,10400
2016-10-25,3.5350000858306885,3.5350000858306885,3.5,3.507499933242798,12000
2016-10-26,3.5,3.549999952316284,3.5,3.5350000858306885,14400
2016-10-27,3.549999952316284,3.549999952316284,3.549999952316284,3.549999952316284,400
2016-10-28,3.5975000858306885,3.5975000858306885,3.5,3.572499990463257,34000
2016-10-31,3.637500047683716,3.637500047683716,3.549999952316284,3.549999952316284,23600
2016-11-01,3.7300000190734863,3.734999895095825,3.575000047683716,3.637500047683716,55200
2016-11-03,3.7249999046325684,3.742500066757202,3.677500009536743,3.737499952316284,22400
2016-11-04,3.807499885559082,3.987499952316284,3.744999885559082,3.744999885559082,402400
2016-11-07,3.8125,3.924999952316284,3.8125,3.8499999046325684,78800
2016-11-08,3.6875,3.805000066757202,3.625,3.702500104904175,93600
2016-11-09,3.744999885559082,3.759999990463257,3.4049999713897705,3.5,71200
2016-11-10,3.5,3.747499942779541,3.5,3.747499942779541,49600
2016-11-11,3.502500057220459,3.502500057220459,3.424999952316284,3.447499990463257,16800
2016-11-14,3.7100000381469727,3.7100000381469727,3.502500057220459,3.697499990463257,19600
2016-11-16,3.575000047683716,3.7249999046325684,3.557499885559082,3.7249999046325684,30400
2016-11-17,3.4700000286102295,3.5250000953674316,3.4600000381469727,3.5250000953674316,10000
2016-11-18,3.25,3.4725000858306885,3.25,3.450000047683716,14800
2016-11-21,3.4649999141693115,3.4649999141693115,3.25,3.25,20800
2016-11-22,3.2774999141693115,3.3924999237060547,3.2774999141693115,3.375,81600
2016-11-23,3.5,3.619999885559082,3.327500104904175,3.362499952316284,82400
2016-11-24,3.547499895095825,3.547499895095825,3.4024999141693115,3.4024999141693115,8400
2016-11-25,3.375,3.549999952316284,3.3375000953674316,3.549999952316284,156000
2016-11-28,3.3375000953674316,3.5,3.325000047683716,3.3424999713897705,52000
2016-11-29,3.502500057220459,3.502500057220459,3.325000047683716,3.3375000953674316,72000
2016-11-30,3.375,3.450000047683716,3.3575000762939453,3.450000047683716,50400
2016-12-01,3.375,3.375,3.2750000953674316,3.299999952316284,22400
2016-12-02,3.305000066757202,3.375,3.305000066757202,3.375,26400
2016-12-05,3.3125,3.325000047683716,3.2925000190734863,3.299999952316284,20800
2016-12-06,3.25,3.309999942779541,3.190000057220459,3.25,38400
2016-12-07,3.242500066757202,3.25,3.2249999046325684,3.25,168800
2016-12-08,3.237499952316284,3.25,3.200000047683716,3.242500066757202,117600
2016-12-09,3.237499952316284,3.25,3.2249999046325684,3.25,110000
2016-12-12,3.244999885559082,3.25,3.2249999046325684,3.237499952316284,58800
2016-12-13,3.237499952316284,3.237499952316284,3.234999895095825,3.234999895095825,2800
2016-12-14,3.134999990463257,3.2249999046325684,3.134999990463257,3.2249999046325684,43200
2016-12-15,3.0374999046325684,3.1024999618530273,3.015000104904175,3.1024999618530273,98800
2016-12-16,2.994999885559082,3.057499885559082,2.9124999046325684,3.057499885559082,67200
2016-12-19,2.987499952316284,3.049999952316284,2.9124999046325684,2.987499952316284,112400
2016-12-20,2.987499952316284,2.987499952316284,2.9549999237060547,2.987499952316284,109600
2016-12-21,2.9749999046325684,2.9749999046325684,2.9749999046325684,2.9749999046325684,102800
2016-12-22,2.922499895095825,3.0,2.922499895095825,2.9749999046325684,254400
2016-12-23,2.9749999046325684,2.984999895095825,2.924999952316284,2.9574999809265137,56000
2016-12-26,3.119999885559082,3.125,2.9700000286102295,3.0,56000
2016-12-27,2.952500104904175,3.0274999141693115,2.927500009536743,3.0274999141693115,430000
2016-12-28,2.942500114440918,2.9749999046325684,2.940000057220459,2.9725000858306885,71200
2016-12-29,2.9749999046325684,2.9749999046325684,2.9375,2.9375,69600
2017-01-02,2.9700000286102295,2.9700000286102295,2.9700000286102295,2.9700000286102295,2000
2017-01-03,2.9725000858306885,3.0,2.9700000286102295,2.9700000286102295,102800
2017-01-04,2.9549999237060547,3.0,2.950000047683716,2.9800000190734863,28000
2017-01-05,3.0,3.0250000953674316,2.987499952316284,3.0250000953674316,50400
2017-01-06,3.0924999713897705,3.0924999713897705,2.990000009536743,3.049999952316284,5600
2017-01-09,2.9774999618530273,3.002500057220459,2.9774999618530273,3.002500057220459,52000
2017-01-10,2.9600000381469727,2.9600000381469727,2.9600000381469727,2.9600000381469727,2400
2017-01-11,2.997499942779541,3.0225000381469727,2.994999885559082,3.0225000381469727,2400
2017-01-12,2.9649999141693115,3.0,2.9549999237060547,3.0,33200
2017-01-13,2.9700000286102295,3.0,2.9700000286102295,2.987499952316284,329200
2017-01-16,2.9700000286102295,3.0,2.9375,2.9649999141693115,211200
2017-01-17,2.987499952316284,3.0,2.9549999237060547,2.9800000190734863,37200
2017-01-18,2.997499942779541,3.0625,2.950000047683716,3.0625,202800
2017-01-19,2.9800000190734863,3.0250000953674316,2.9800000190734863,3.0250000953674316,6800
2017-01-20,2.9774999618530273,3.015000104904175,2.9749999046325684,3.015000104904175,10400
2017-01-23,3.0,3.0,2.9749999046325684,3.0,29600
2017-01-24,2.9825000762939453,2.997499942779541,2.9800000190734863,2.9800000190734863,6400
2017-01-26,2.992500066757202,3.002500057220459,2.9825000762939453,2.984999895095825,236400
2017-01-27,2.9825000762939453,3.0,2.9825000762939453,3.0,18000
2017-01-30,2.950000047683716,2.9825000762939453,2.944999933242798,2.9825000762939453,19200
2017-01-31,2.932499885559082,2.9625000953674316,2.932499885559082,2.950000047683716,18400
2017-02-01,2.9749999046325684,2.9800000190734863,2.930000066757202,2.934999942779541,34800
2017-02-02,2.9749999046325684,3.0,2.932499885559082,2.9749999046325684,23200
2017-02-03,2.9800000190734863,3.0,2.9375,2.9375,28800
2017-02-06,2.9749999046325684,3.012500047683716,2.950000047683716,3.012500047683716,103600
2017-02-07,2.990000009536743,3.0,2.990000009536743,2.997499942779541,49200
2017-02-08,3.0,3.0,2.990000009536743,3.0,63200
2017-02-09,2.987499952316284,3.0,2.984999895095825,2.987499952316284,17600
2017-02-10,2.9774999618530273,3.0,2.9725000858306885,2.9725000858306885,48400
2017-02-13,2.950000047683716,3.0,2.9375,3.0,492800
2017-02-14,2.9674999713897705,2.997499942779541,2.880000114440918,2.9774999618530273,374800
2017-02-15,2.987499952316284,3.002500057220459,2.9375,2.9700000286102295,211600
2017-02-16,3.009999990463257,3.0450000762939453,2.9375,2.950000047683716,260800
2017-02-17,3.0,3.0350000858306885,2.997499942779541,3.0,604800
2017-02-20,3.380000114440918,3.4625000953674316,2.9749999046325684,3.002500057220459,252000
2017-02-21,3.4749999046325684,3.672499895095825,3.369999885559082,3.369999885559082,164800
2017-02-22,3.450000047683716,3.549999952316284,3.375,3.375,25200
2017-02-23,3.3424999713897705,3.4375,3.2774999141693115,3.432499885559082,14000
2017-02-24,3.387500047683716,3.4375,3.255000114440918,3.2774999141693115,12400
2017-03-01,3.3499999046325684,3.387500047683716,3.3499999046325684,3.387500047683716,2000
2017-03-02,3.3499999046325684,3.3499999046325684,3.3499999046325684,3.3499999046325684,5600
2017-03-03,3.359999895095825,3.4000000953674316,3.25,3.322499990463257,11600
2017-03-06,3.2774999141693115,3.375,3.247499942779541,3.3450000286102295,83200
2017-03-07,3.2300000190734863,3.359999895095825,3.2300000190734863,3.2750000953674316,6800
2017-03-08,3.299999952316284,3.3475000858306885,3.2750000953674316,3.2750000953674316,25200
2017-03-09,3.262500047683716,3.265000104904175,3.25,3.25,12400
2017-03-10,3.299999952316284,3.325000047683716,3.2200000286102295,3.325000047683716,27200
2017-03-13,3.3125,3.3125,3.309999942779541,3.3125,5200
2017-03-14,3.299999952316284,3.362499952316284,3.2725000381469727,3.3475000858306885,10400
2017-03-15,3.309999942779541,3.3450000286102295,3.2874999046325684,3.299999952316284,10400
2017-03-16,3.25,3.309999942779541,3.2300000190734863,3.302500009536743,68000
2017-03-17,3.262500047683716,3.2725000381469727,3.1675000190734863,3.252500057220459,88800
2017-03-20,3.25,3.265000104904175,3.1524999141693115,3.25,60000
2017-03-21,3.297499895095825,3.297499895095825,3.25,3.25,9600
2017-03-22,3.317500114440918,3.317500114440918,3.299999952316284,3.299999952316284,6000
2017-03-23,3.325000047683716,3.325000047683716,3.2750000953674316,3.322499990463257,15600
2017-03-24,3.75,3.75,3.325000047683716,3.325000047683716,95200
2017-03-27,3.700000047683716,4.007500171661377,3.609999895095825,3.75,241600
2017-03-28,3.680000066757202,3.700000047683716,3.625,3.700000047683716,4800
2017-03-29,3.515000104904175,3.625,3.502500057220459,3.625,90400
2017-03-30,3.6500000953674316,3.674999952316284,3.515000104904175,3.515000104904175,12400
2017-03-31,3.625,3.625,3.5425000190734863,3.5450000762939453,10400
2017-04-03,3.552500009536743,3.674999952316284,3.552500009536743,3.674999952316284,21200
2017-04-04,3.6500000953674316,3.6649999618530273,3.637500047683716,3.637500047683716,6000
2017-04-05,3.612499952316284,3.627500057220459,3.612499952316284,3.627500057220459,5600
2017-04-06,3.5250000953674316,3.575000047683716,3.5250000953674316,3.575000047683716,18400
2017-04-07,3.559999942779541,3.575000047683716,3.5,3.512500047683716,108000
2017-04-10,3.5625,3.575000047683716,3.5250000953674316,3.575000047683716,39200
2017-04-11,3.549999952316284,3.5625,3.5250000953674316,3.5625,70000
2017-04-12,3.552500009536743,3.5625,3.5399999618530273,3.549999952316284,127200
2017-04-13,3.5274999141693115,3.572499990463257,3.5274999141693115,3.572499990463257,17200
2017-04-17,3.5250000953674316,3.5250000953674316,3.5250000953674316,3.5250000953674316,1600
2017-04-18,3.577500104904175,3.577500104904175,3.5299999713897705,3.549999952316284,27200
2017-04-19,3.575000047683716,3.625,3.567500114440918,3.625,47600
2017-04-20,3.6875,3.700000047683716,3.5924999713897705,3.619999885559082,43200
2017-04-24,3.694999933242798,3.700000047683716,3.6524999141693115,3.697499990463257,24000
2017-04-25,3.692500114440918,3.700000047683716,3.5999999046325684,3.697499990463257,152400
2017-04-26,3.634999990463257,3.674999952316284,3.634999990463257,3.674999952316284,1600
2017-04-27,3.5975000858306885,3.5999999046325684,3.512500047683716,3.5999999046325684,37200
2017-04-28,3.6449999809265137,3.692500114440918,3.5325000286102295,3.5325000286102295,212400
2017-05-02,3.555000066757202,3.6500000953674316,3.555000066757202,3.6475000381469727,21200
2017-05-03,3.5,3.555000066757202,3.4175000190734863,3.555000066757202,96800
2017-05-04,3.4749999046325684,3.505000114440918,3.4024999141693115,3.4024999141693115,13200
2017-05-05,3.5,3.5,3.450000047683716,3.5,6400
2017-05-08,3.5,3.512500047683716,3.450000047683716,3.452500104904175,70400
2017-05-09,3.502500057220459,3.502500057220459,3.4649999141693115,3.4649999141693115,97200
2017-05-10,3.4749999046325684,3.5625,3.4749999046325684,3.505000114440918,95200
2017-05-11,3.5,3.502500057220459,3.490000009536743,3.492500066757202,33200
2017-05-12,3.502500057220459,3.5425000190734863,3.497499942779541,3.5425000190734863,442000
2017-05-15,3.502500057220459,3.505000114440918,3.492500066757202,3.505000114440918,223600
2017-05-16,3.502500057220459,3.5374999046325684,3.4825000762939453,3.5350000858306885,594400
2017-05-17,3.487499952316284,3.507499933242798,3.487499952316284,3.5,176800
2017-05-18,3.372499942779541,3.450000047683716,3.200000047683716,3.299999952316284,160800
2017-05-19,3.372499942779541,3.444999933242798,3.299999952316284,3.444999933242798,1600
2017-05-22,3.255000114440918,3.4000000953674316,3.25,3.4000000953674316,27600
2017-05-23,3.3499999046325684,3.369999885559082,3.3499999046325684,3.369999885559082,1200
2017-05-24,3.322499990463257,3.3499999046325684,3.2750000953674316,3.3499999046325684,51200
2017-05-25,3.3575000762939453,3.372499942779541,3.252500057220459,3.325000047683716,38400
2017-05-26,3.3499999046325684,3.424999952316284,3.3324999809265137,3.3324999809265137,32000
2017-05-29,3.3499999046325684,3.3499999046325684,3.3499999046325684,3.3499999046325684,0
2017-05-30,3.362499952316284,3.362499952316284,3.362499952316284,3.362499952316284,1200
2017-05-31,3.4024999141693115,3.497499942779541,3.3499999046325684,3.3499999046325684,27200
2017-06-01,3.4149999618530273,3.5950000286102295,3.375,3.375,346400
2017-06-02,3.375,3.4149999618530273,3.375,3.4149999618530273,6800
2017-06-05,3.5,3.5,3.4124999046325684,3.4124999046325684,19200
2017-06-06,3.5,3.5,3.4000000953674316,3.4000000953674316,5200
2017-06-07,3.5,3.5,3.4749999046325684,3.5,40000
2017-06-08,3.5,3.5,3.450000047683716,3.494999885559082,33200
2017-06-09,3.377500057220459,3.440000057220459,3.3375000953674316,3.424999952316284,38800
2017-06-12,3.4124999046325684,3.450000047683716,3.4124999046325684,3.450000047683716,1600
2017-06-13,3.427500009536743,3.427500009536743,3.3324999809265137,3.3524999618530273,48400
2017-06-14,3.484999895095825,3.492500066757202,3.4625000953674316,3.492500066757202,16400
2017-06-15,3.484999895095825,3.484999895095825,3.484999895095825,3.484999895095825,0
2017-06-16,3.487499952316284,3.487499952316284,3.390000104904175,3.390000104904175,298400
2017-06-19,3.484999895095825,3.492500066757202,3.424999952316284,3.424999952316284,30400
2017-06-20,3.325000047683716,3.427500009536743,3.3125,3.424999952316284,40400
2017-06-21,3.424999952316284,3.424999952316284,3.424999952316284,3.424999952316284,400
2017-06-22,3.372499942779541,3.372499942779541,3.372499942779541,3.372499942779541,400
2017-06-23,3.305000066757202,3.4000000953674316,3.299999952316284,3.4000000953674316,8800
2017-06-26,3.375,3.375,3.2750000953674316,3.3125,137200
2017-06-27,3.375,3.3924999237060547,3.375,3.3924999237060547,64400
2017-06-28,3.3499999046325684,3.3499999046325684,3.3499999046325684,3.3499999046325684,1200
2017-06-29,3.3499999046325684,3.4000000953674316,3.2750000953674316,3.2850000858306885,71600
2017-06-30,3.4024999141693115,3.4024999141693115,3.3450000286102295,3.3499999046325684,8800
2017-07-03,3.4000000953674316,3.4000000953674316,3.372499942779541,3.372499942779541,14400
2017-07-04,3.4000000953674316,3.4075000286102295,3.4000000953674316,3.4075000286102295,16000
2017-07-05,3.362499952316284,3.4000000953674316,3.3375000953674316,3.4000000953674316,6800
2017-07-06,3.3499999046325684,3.3499999046325684,3.3375000953674316,3.3399999141693115,11200
2017-07-07,3.447499990463257,3.447499990463257,3.362499952316284,3.375,6400
2017-07-10,3.424999952316284,3.447499990463257,3.3499999046325684,3.447499990463257,4800
2017-07-11,3.4124999046325684,3.4749999046325684,3.4000000953674316,3.432499885559082,53600
2017-07-12,3.4175000190734863,3.4749999046325684,3.4149999618530273,3.4749999046325684,12800
2017-07-13,3.377500057220459,3.4149999618530273,3.3499999046325684,3.4149999618530273,16800
2017-07-14,3.4149999618530273,3.450000047683716,3.4149999618530273,3.424999952316284,80400
2017-07-17,3.4700000286102295,3.4700000286102295,3.4700000286102295,3.4700000286102295,400
2017-07-18,3.4625000953674316,3.4674999713897705,3.440000057220459,3.4625000953674316,33200
2017-07-19,3.424999952316284,3.450000047683716,3.4175000190734863,3.424999952316284,15600
2017-07-20,3.432499885559082,3.4800000190734863,3.430000066757202,3.4800000190734863,4400
2017-07-21,3.444999933242798,3.4625000953674316,3.4149999618530273,3.4625000953674316,13600
2017-07-24,3.432499885559082,3.4749999046325684,3.375,3.4749999046325684,62000
2017-07-25,3.4600000381469727,3.4700000286102295,3.430000066757202,3.434999942779541,9200
2017-07-26,3.487499952316284,3.487499952316284,3.4625000953674316,3.4625000953674316,35200
2017-07-27,3.5,3.5225000381469727,3.424999952316284,3.427500009536743,34800
2017-07-28,3.5399999618530273,3.5425000190734863,3.490000009536743,3.5,76000
2017-07-31,3.484999895095825,3.557499885559082,3.484999895095825,3.557499885559082,71200
2017-08-01,3.4825000762939453,3.5225000381469727,3.4825000762939453,3.5,18000
2017-08-02,3.5250000953674316,3.5250000953674316,3.4825000762939453,3.4825000762939453,18000
2017-08-03,3.552500009536743,3.552500009536743,3.5274999141693115,3.5274999141693115,9200
2017-08-04,3.5250000953674316,3.5450000762939453,3.5250000953674316,3.5450000762939453,8000
2017-08-07,3.549999952316284,3.555000066757202,3.549999952316284,3.549999952316284,7200
2017-08-08,3.4749999046325684,3.5199999809265137,3.4749999046325684,3.5199999809265137,24800
2017-08-09,3.515000104904175,3.552500009536743,3.5,3.547499895095825,7600
2017-08-10,3.5,3.5350000858306885,3.487499952316284,3.5350000858306885,15600
2017-08-11,3.5,3.5,3.4749999046325684,3.494999885559082,17600
2017-08-14,3.5299999713897705,3.5299999713897705,3.487499952316284,3.487499952316284,13200
2017-08-15,3.5225000381469727,3.5250000953674316,3.5,3.502500057220459,4400
2017-08-16,3.5350000858306885,3.5350000858306885,3.494999885559082,3.507499933242798,7600
2017-08-17,3.5274999141693115,3.5325000286102295,3.4800000190734863,3.492500066757202,51600
2017-08-18,3.5875000953674316,3.612499952316284,3.5274999141693115,3.5274999141693115,23600
2017-08-21,3.5875000953674316,3.5875000953674316,3.5250000953674316,3.5625,35600
2017-08-22,3.507499933242798,3.5950000286102295,3.507499933242798,3.575000047683716,12000
2017-08-23,3.575000047683716,3.575000047683716,3.507499933242798,3.509999990463257,13200
2017-08-24,3.625,3.625,3.5625,3.575000047683716,168800
2017-08-25,3.690000057220459,3.694999933242798,3.622499942779541,3.625,26000
2017-08-28,3.674999952316284,3.700000047683716,3.6549999713897705,3.684999942779541,154400
2017-08-29,3.684999942779541,3.697499990463257,3.634999990463257,3.697499990463257,13600
2017-08-30,3.697499990463257,3.697499990463257,3.627500057220459,3.627500057220459,16400
2017-08-31,4.0,4.0,3.694999933242798,3.694999933242798,800000
2017-09-01,3.815000057220459,4.097499847412109,3.815000057220459,4.0,187200
2017-09-04,3.9375,3.942500114440918,3.8499999046325684,3.875,30000
2017-09-05,3.947499990463257,3.9749999046325684,3.9000000953674316,3.944999933242798,44800
2017-09-06,3.922499895095825,3.9749999046325684,3.9000000953674316,3.9000000953674316,41200
2017-09-07,3.922499895095825,3.922499895095825,3.922499895095825,3.922499895095825,0
2017-09-08,3.9000000953674316,3.9000000953674316,3.8949999809265137,3.9000000953674316,8000
2017-09-11,3.9749999046325684,4.0,3.9000000953674316,3.9000000953674316,29200
2017-09-12,3.987499952316284,4.0,3.884999990463257,4.0,36800
2017-09-13,3.987499952316284,4.050000190734863,3.950000047683716,4.0,25600
2017-09-14,3.9674999713897705,4.0,3.924999952316284,3.997499942779541,20800
2017-09-15,3.9000000953674316,4.0,3.875,3.9375,44800
2017-09-18,3.75,3.997499942779541,3.7249999046325684,3.8975000381469727,75600
2017-09-19,3.737499952316284,3.75,3.5999999046325684,3.737499952316284,77200
2017-09-20,3.700000047683716,3.75,3.700000047683716,3.747499942779541,3200
2017-09-21,3.802500009536743,3.8375000953674316,3.744999885559082,3.744999885559082,35600
2017-09-22,3.75,3.8499999046325684,3.744999885559082,3.8499999046325684,7600
2017-09-25,3.6875,3.747499942779541,3.625,3.747499942779541,38800
2017-09-26,3.674999952316284,3.674999952316284,3.674999952316284,3.674999952316284,400
2017-09-27,3.7750000953674316,3.8949999809265137,3.680000066757202,3.75,40400
2017-09-28,3.7125000953674316,3.815000057220459,3.700000047683716,3.7874999046325684,46800
2017-09-29,3.887500047683716,3.887500047683716,3.7149999141693115,3.7274999618530273,33200
2017-10-02,3.822499990463257,3.8499999046325684,3.822499990463257,3.8499999046325684,4800
2017-10-03,3.742500066757202,3.8375000953674316,3.700000047683716,3.825000047683716,46800
2017-10-04,3.302500009536743,3.740000009536743,3.302500009536743,3.740000009536743,445600
2017-10-05,2.950000047683716,3.375,2.950000047683716,3.3299999237060547,576800
2017-10-06,3.122499942779541,3.262500047683716,2.9375,2.9749999046325684,4062400
2017-10-09,3.075000047683716,3.117500066757202,2.924999952316284,2.984999895095825,15252800
2017-10-10,3.0924999713897705,3.1500000953674316,3.049999952316284,3.117500066757202,2829200
2017-10-11,3.247499942779541,3.2825000286102295,3.125,3.1500000953674316,17412400
2017-10-12,3.247499942779541,3.247499942779541,3.247499942779541,3.247499942779541,0
2017-10-13,3.424999952316284,3.5999999046325684,3.3324999809265137,3.3375000953674316,6123200
2017-10-16,3.375,3.494999885559082,3.3550000190734863,3.4800000190734863,2975200
2017-10-17,3.375,3.4200000762939453,3.3299999237060547,3.4200000762939453,2116400
2017-10-18,3.2799999713897705,3.442500114440918,3.202500104904175,3.4200000762939453,3887600
2017-10-19,3.322499990463257,3.327500104904175,3.2249999046325684,3.2950000762939453,2675600
2017-10-20,3.4375,3.4375,3.2899999618530273,3.327500104904175,2699200
2017-10-23,3.3350000381469727,3.452500104904175,3.3350000381469727,3.452500104904175,1670000
2017-10-24,3.325000047683716,3.3949999809265137,3.302500009536743,3.375,3040400
2017-10-25,3.380000114440918,3.5325000286102295,3.3424999713897705,3.450000047683716,4944800
2017-10-26,3.4175000190734863,3.4600000381469727,3.380000114440918,3.4200000762939453,3056000
2017-10-27,3.424999952316284,3.4749999046325684,3.4100000858306885,3.452500104904175,1637600
2017-10-30,3.4000000953674316,3.450000047683716,3.375,3.440000057220459,2424800
2017-10-31,3.3375000953674316,3.450000047683716,3.3375000953674316,3.444999933242798,2717200
2017-11-01,3.375,3.4000000953674316,3.359999895095825,3.359999895095825,998400
2017-11-02,3.375,3.375,3.375,3.375,0
2017-11-03,3.375,3.424999952316284,3.3324999809265137,3.424999952316284,1299200
2017-11-06,3.362499952316284,3.4175000190734863,3.2874999046325684,3.4175000190734863,1351200
2017-11-07,3.3125,3.3575000762939453,3.255000114440918,3.3575000762939453,1206000
2017-11-08,3.3125,3.3524999618530273,3.2874999046325684,3.322499990463257,1297600
2017-11-09,3.2899999618530273,3.327500104904175,3.265000104904175,3.322499990463257,677600
2017-11-10,3.299999952316284,3.3424999713897705,3.2825000286102295,3.317500114440918,1396000
2017-11-13,3.3424999713897705,3.3424999713897705,3.2699999809265137,3.319999933242798,831200
2017-11-14,3.2799999713897705,3.3424999713897705,3.2799999713897705,3.322499990463257,694400
2017-11-15,3.2799999713897705,3.2799999713897705,3.2799999713897705,3.2799999713897705,0
2017-11-16,3.297499895095825,3.3475000858306885,3.2799999713897705,3.315000057220459,1048400
2017-11-17,3.322499990463257,3.3424999713897705,3.299999952316284,3.299999952316284,1170800
2017-11-20,3.322499990463257,3.322499990463257,3.322499990463257,3.322499990463257,0
2017-11-21,3.422499895095825,3.4700000286102295,3.3299999237060547,3.3324999809265137,2753600
2017-11-22,3.4149999618530273,3.4725000858306885,3.4049999713897705,3.4175000190734863,1131200
2017-11-23,3.4024999141693115,3.4725000858306885,3.367500066757202,3.4175000190734863,1533200
2017-11-24,3.5,3.5,3.377500057220459,3.4024999141693115,1001600
2017-11-27,3.567500114440918,3.677500009536743,3.512500047683716,3.5325000286102295,4499200
2017-11-28,3.5374999046325684,3.625,3.5374999046325684,3.625,2668400
2017-11-29,3.5250000953674316,3.5875000953674316,3.4725000858306885,3.5325000286102295,2088400
2017-11-30,3.487499952316284,3.5274999141693115,3.387500047683716,3.5274999141693115,1430800
2017-12-01,3.4375,3.490000009536743,3.4049999713897705,3.444999933242798,855200
2017-12-04,3.4375,3.5199999809265137,3.3975000381469727,3.4375,1460800
2017-12-05,3.450000047683716,3.4749999046325684,3.422499895095825,3.427500009536743,693200
2017-12-06,3.4674999713897705,3.4749999046325684,3.3975000381469727,3.4375,843200
2017-12-07,3.5,3.5,3.3975000381469727,3.427500009536743,493600
2017-12-08,3.5,3.547499895095825,3.4749999046325684,3.5,923600
2017-12-11,3.5,3.572499990463257,3.487499952316284,3.5,380400
2017-12-12,3.5225000381469727,3.5250000953674316,3.4124999046325684,3.487499952316284,4442000
2017-12-13,3.509999990463257,3.549999952316284,3.4600000381469727,3.5250000953674316,547200
2017-12-14,3.5,3.515000104904175,3.4549999237060547,3.4725000858306885,601200
2017-12-15,3.494999885559082,3.505000114440918,3.4175000190734863,3.5,958000
2017-12-18,3.497499942779541,3.505000114440918,3.452500104904175,3.487499952316284,1084800
2017-12-19,3.4625000953674316,3.497499942779541,3.424999952316284,3.4700000286102295,1326000
2017-12-20,3.4600000381469727,3.4800000190734863,3.4175000190734863,3.442500114440918,1349200
2017-12-21,3.4375,3.5250000953674316,3.380000114440918,3.4749999046325684,1392800
2017-12-22,3.450000047683716,3.4725000858306885,3.432499885559082,3.450000047683716,614000
2017-12-25,3.450000047683716,3.450000047683716,3.450000047683716,3.450000047683716,0
2017-12-26,3.4749999046325684,3.5,3.4375,3.447499990463257,486000
2017-12-27,3.4600000381469727,3.494999885559082,3.4600000381469727,3.494999885559082,429200
2017-12-28,3.4749999046325684,3.507499933242798,3.452500104904175,3.4574999809265137,1189600
2017-12-29,3.4749999046325684,3.4749999046325684,3.4749999046325684,3.4749999046325684,0
2018-01-02,3.5250000953674316,3.5374999046325684,3.4774999618530273,3.4774999618530273,741600
2018-01-03,3.5350000858306885,3.559999942779541,3.5250000953674316,3.5250000953674316,738000
2018-01-04,3.507499933242798,3.559999942779541,3.502500057220459,3.5374999046325684,749600
2018-01-05,3.5250000953674316,3.5374999046325684,3.507499933242798,3.512500047683716,269200
2018-01-08,3.452500104904175,3.5625,3.452500104904175,3.5325000286102295,726000
2018-01-09,3.4749999046325684,3.487499952316284,3.3550000190734863,3.4674999713897705,851200
2018-01-10,3.4000000953674316,3.4725000858306885,3.3975000381469727,3.4725000858306885,673600
2018-01-11,3.450000047683716,3.450000047683716,3.365000009536743,3.3924999237060547,389600
2018-01-12,3.4725000858306885,3.4725000858306885,3.4024999141693115,3.4200000762939453,440800
2018-01-15,3.494999885559082,3.494999885559082,3.4375,3.4749999046325684,645200
2018-01-16,3.497499942779541,3.497499942779541,3.424999952316284,3.494999885559082,5181600
2018-01-17,3.490000009536743,3.509999990463257,3.4549999237060547,3.494999885559082,747600
2018-01-18,3.487499952316284,3.507499933242798,3.434999942779541,3.507499933242798,611200
2018-01-19,3.487499952316284,3.497499942779541,3.4625000953674316,3.484999895095825,358800
2018-01-22,3.450000047683716,3.487499952316284,3.434999942779541,3.487499952316284,665200
2018-01-23,3.375,3.444999933242798,3.367500066757202,3.444999933242798,978400
2018-01-24,3.424999952316284,3.424999952316284,3.3550000190734863,3.387500047683716,1981200
2018-01-25,3.424999952316284,3.424999952316284,3.424999952316284,3.424999952316284,0
2018-01-26,3.424999952316284,3.487499952316284,3.3924999237060547,3.4749999046325684,1027600
2018-01-29,3.4625000953674316,3.4625000953674316,3.4000000953674316,3.422499895095825,708000
2018-01-30,3.450000047683716,3.4700000286102295,3.430000066757202,3.4600000381469727,15833200
2018-01-31,3.4600000381469727,3.497499942779541,3.440000057220459,3.452500104904175,559600
2018-02-01,3.572499990463257,3.6875,3.447499990463257,3.447499990463257,1573600
2018-02-02,3.549999952316284,3.5999999046325684,3.5250000953674316,3.5274999141693115,562800
2018-02-05,3.5,3.549999952316284,3.4774999618530273,3.5225000381469727,599600
2018-02-06,3.4625000953674316,3.487499952316284,3.440000057220459,3.487499952316284,1844800
2018-02-07,3.4800000190734863,3.509999990463257,3.447499990463257,3.4600000381469727,441600
2018-02-08,3.5225000381469727,3.5250000953674316,3.4625000953674316,3.4774999618530273,763200
2018-02-09,3.490000009536743,3.559999942779541,3.450000047683716,3.502500057220459,670000
2018-02-14,3.5399999618530273,3.559999942779541,3.4825000762939453,3.4825000762939453,346800
2018-02-15,3.5,3.5399999618530273,3.4749999046325684,3.5399999618530273,1734800
2018-02-16,3.5,3.512500047683716,3.4825000762939453,3.5,1352800
2018-02-19,3.5,3.549999952316284,3.487499952316284,3.5,597200
2018-02-20,3.494999885559082,3.5199999809265137,3.4825000762939453,3.5,629600
2018-02-21,3.4749999046325684,3.512500047683716,3.4574999809265137,3.487499952316284,3065200
2018-02-22,3.4625000953674316,3.487499952316284,3.450000047683716,3.4625000953674316,486800
2018-02-23,3.4649999141693115,3.487499952316284,3.4375,3.450000047683716,406800
2018-02-26,3.4375,3.4725000858306885,3.424999952316284,3.4700000286102295,433200
2018-02-27,3.434999942779541,3.4700000286102295,3.4124999046325684,3.4200000762939453,357200
2018-02-28,3.380000114440918,3.427500009536743,3.375,3.427500009536743,1344800
2018-03-01,3.4024999141693115,3.434999942779541,3.375,3.380000114440918,522000
2018-03-02,3.4000000953674316,3.4075000286102295,3.365000009536743,3.4024999141693115,1292400
2018-03-05,3.387500047683716,3.427500009536743,3.365000009536743,3.377500057220459,374000
2018-03-06,3.365000009536743,3.4124999046325684,3.365000009536743,3.3949999809265137,3274400
2018-03-07,3.387500047683716,3.4000000953674316,3.365000009536743,3.369999885559082,441600
2018-03-08,3.375,3.427500009536743,3.369999885559082,3.390000104904175,775200
2018-03-09,3.3924999237060547,3.3949999809265137,3.3550000190734863,3.3949999809265137,701200
2018-03-12,3.382499933242798,3.4100000858306885,3.365000009536743,3.3924999237060547,3672800
2018-03-13,3.390000104904175,3.4200000762939453,3.2899999618530273,3.377500057220459,1981200
2018-03-14,3.377500057220459,3.427500009536743,3.3324999809265137,3.387500047683716,918800
2018-03-15,3.375,3.440000057220459,3.3375000953674316,3.440000057220459,8408800
2018-03-16,3.4124999046325684,3.4124999046325684,3.3324999809265137,3.380000114440918,814000
2018-03-19,3.4124999046325684,3.432499885559082,3.384999990463257,3.4175000190734863,2339600
2018-03-20,3.4124999046325684,3.432499885559082,3.384999990463257,3.424999952316284,2380800
2018-03-21,3.4124999046325684,3.4375,3.387500047683716,3.4075000286102295,574400
2018-03-22,3.4625000953674316,3.497499942779541,3.4024999141693115,3.4175000190734863,906800
2018-03-23,3.484999895095825,3.487499952316284,3.4149999618530273,3.4375,2449200
2018-03-26,3.4749999046325684,3.497499942779541,3.444999933242798,3.4800000190734863,585600
2018-03-27,3.4175000190734863,3.484999895095825,3.3975000381469727,3.4625000953674316,576800
2018-03-28,3.4124999046325684,3.4149999618530273,3.3324999809265137,3.390000104904175,2356000
2018-03-29,3.299999952316284,3.4625000953674316,3.299999952316284,3.3975000381469727,3810000
2018-04-02,3.382499933242798,3.4024999141693115,3.315000057220459,3.325000047683716,1100800
2018-04-03,3.4075000286102295,3.4124999046325684,3.3424999713897705,3.387500047683716,718800
2018-04-04,3.4075000286102295,3.4124999046325684,3.3324999809265137,3.359999895095825,1006400
2018-04-05,3.424999952316284,3.447499990463257,3.4100000858306885,3.422499895095825,497200
2018-04-06,3.4375,3.447499990463257,3.384999990463257,3.424999952316284,1483200
2018-04-09,3.4124999046325684,3.5350000858306885,3.3499999046325684,3.447499990463257,1230400
2018-04-10,3.424999952316284,3.4700000286102295,3.4100000858306885,3.4124999046325684,778800
2018-04-11,3.4375,3.5,3.4049999713897705,3.4049999713897705,641600
2018-04-12,3.4574999809265137,3.4825000762939453,3.430000066757202,3.4375,104000
2018-04-13,3.422499895095825,3.4649999141693115,3.4100000858306885,3.4649999141693115,187200
2018-04-16,3.4200000762939453,3.442500114440918,3.4000000953674316,3.4000000953674316,170000
2018-04-17,3.3975000381469727,3.450000047683716,3.3975000381469727,3.422499895095825,241200
2018-04-18,3.390000104904175,3.424999952316284,3.375,3.4124999046325684,734000
2018-04-19,3.362499952316284,3.4200000762939453,3.362499952316284,3.3975000381469727,406400
2018-04-20,3.317500114440918,3.362499952316284,3.2950000762939453,3.3575000762939453,508800
2018-04-23,3.3475000858306885,3.4000000953674316,3.299999952316284,3.319999933242798,471600
2018-04-24,3.3299999237060547,3.4175000190734863,3.3125,3.3424999713897705,463600
2018-04-25,3.362499952316284,3.372499942779541,3.2950000762939453,3.307499885559082,387600
2018-04-26,3.3299999237060547,3.369999885559082,3.327500104904175,3.3524999618530273,283600
2018-04-27,3.325000047683716,3.369999885559082,3.302500009536743,3.309999942779541,982400
2018-04-30,3.325000047683716,3.382499933242798,3.309999942779541,3.3299999237060547,2556400
2018-05-02,3.3375000953674316,3.3499999046325684,3.299999952316284,3.322499990463257,1129600
2018-05-03,3.302500009536743,3.367500066757202,3.2899999618530273,3.3375000953674316,1894400
2018-05-04,3.5,3.5,3.252500057220459,3.299999952316284,6011600
2018-05-07,3.3975000381469727,3.492500066757202,3.3975000381469727,3.4749999046325684,3130400
2018-05-08,3.4024999141693115,3.442500114440918,3.302500009536743,3.4124999046325684,1598400
2018-05-09,3.3375000953674316,3.4175000190734863,3.2925000190734863,3.4100000858306885,785600
2018-05-10,3.4725000858306885,3.490000009536743,3.3375000953674316,3.3424999713897705,1342400
2018-05-11,3.4749999046325684,3.4825000762939453,3.4124999046325684,3.450000047683716,696000
2018-05-14,3.424999952316284,3.487499952316284,3.4200000762939453,3.450000047683716,921200
2018-05-15,3.372499942779541,3.450000047683716,3.3499999046325684,3.4175000190734863,599600
2018-05-16,3.369999885559082,3.430000066757202,3.3324999809265137,3.377500057220459,776800
2018-05-17,3.3949999809265137,3.3975000381469727,3.3399999141693115,3.375,805600
2018-05-18,3.3399999141693115,3.375,3.315000057220459,3.359999895095825,699200
2018-05-21,3.297499895095825,3.3475000858306885,3.297499895095825,3.3450000286102295,382000
2018-05-22,3.3499999046325684,3.359999895095825,3.299999952316284,3.305000066757202,407600
2018-05-23,3.322499990463257,3.447499990463257,3.262500047683716,3.315000057220459,1630400
2018-05-24,3.3125,3.372499942779541,3.265000104904175,3.297499895095825,707200
2018-05-25,3.299999952316284,3.317500114440918,3.2750000953674316,3.3125,362000
2018-05-28,3.1875,3.307499885559082,3.1475000381469727,3.2825000286102295,894000
2018-05-29,3.2100000381469727,3.25,3.130000114440918,3.202500104904175,1511600
2018-05-30,3.252500057220459,3.252500057220459,3.1600000858306885,3.2225000858306885,1876400
2018-06-01,3.237499952316284,3.317500114440918,3.2074999809265137,3.259999990463257,1292800
2018-06-04,3.2874999046325684,3.3125,3.2049999237060547,3.237499952316284,693600
2018-06-05,3.3125,3.3125,3.2149999141693115,3.257499933242798,758800
2018-06-06,3.2249999046325684,3.309999942779541,3.2074999809265137,3.2825000286102295,779200
2018-06-07,3.1500000953674316,3.257499933242798,2.9825000762939453,3.202500104904175,1206000
2018-06-08,3.3125,3.325000047683716,3.0899999141693115,3.1649999618530273,1516400
2018-06-11,3.1600000858306885,3.299999952316284,3.1475000381469727,3.2899999618530273,790800
2018-06-12,3.200000047683716,3.2049999237060547,3.109999895095825,3.1500000953674316,597600
2018-06-13,3.1500000953674316,3.197499990463257,3.140000104904175,3.190000057220459,1000400
2018-06-14,3.125,3.1700000762939453,3.112499952316284,3.130000114440918,984800
2018-06-15,3.2100000381469727,3.2699999809265137,3.0950000286102295,3.117500066757202,1775200
2018-06-18,3.0875000953674316,3.1575000286102295,3.0625,3.1575000286102295,801600
2018-06-19,3.0875000953674316,3.125,3.0625,3.0625,1333600
2018-06-20,3.075000047683716,3.117500066757202,3.0625,3.0875000953674316,742000
2018-06-21,3.0,3.0999999046325684,2.9825000762939453,3.0824999809265137,599600
2018-06-22,2.9725000858306885,3.047499895095825,2.9549999237060547,3.0425000190734863,728800
2018-06-25,2.987499952316284,3.077500104904175,2.9574999809265137,2.984999895095825,949600
2018-06-26,3.067500114440918,3.072499990463257,2.9774999618530273,3.069999933242798,604800
2018-06-27,2.950000047683716,3.067500114440918,2.950000047683716,3.067500114440918,558400
2018-06-28,2.950000047683716,2.9800000190734863,2.927500009536743,2.9725000858306885,970000
2018-06-29,2.9749999046325684,3.007499933242798,2.940000057220459,2.997499942779541,1826800
2018-07-02,2.9000000953674316,2.9375,2.8475000858306885,2.922499895095825,3160400
2018-07-03,2.887500047683716,2.9100000858306885,2.8350000381469727,2.875,1773200
2018-07-04,2.924999952316284,2.9375,2.8450000286102295,2.8550000190734863,1211200
2018-07-05,2.947499990463257,2.9549999237060547,2.869999885559082,2.9000000953674316,1074800
2018-07-06,2.922499895095825,2.947499990463257,2.9075000286102295,2.9149999618530273,267600
2018-07-10,2.9124999046325684,2.944999933242798,2.869999885559082,2.922499895095825,1033600
2018-07-11,2.862499952316284,2.9175000190734863,2.8499999046325684,2.9000000953674316,940400
2018-07-12,2.9000000953674316,2.9024999141693115,2.8450000286102295,2.8949999809265137,654400
2018-07-13,3.0,3.012500047683716,2.890000104904175,2.890000104904175,1510400
2018-07-16,2.9749999046325684,3.0325000286102295,2.952500104904175,2.987499952316284,449200
2018-07-17,3.0250000953674316,3.055000066757202,2.9725000858306885,2.987499952316284,2831200
2018-07-18,3.0374999046325684,3.0799999237060547,3.005000114440918,3.005000114440918,825600
2018-07-19,3.075000047683716,3.075000047683716,3.012500047683716,3.049999952316284,710800
2018-07-20,3.0999999046325684,3.125,3.072499990463257,3.0799999237060547,566000
2018-07-23,3.1050000190734863,3.1475000381469727,3.0425000190734863,3.0975000858306885,464000
2018-07-24,3.0899999141693115,3.1424999237060547,3.065000057220459,3.112499952316284,430000
2018-07-25,3.137500047683716,3.1549999713897705,3.0875000953674316,3.0875000953674316,460800
2018-07-26,3.125,3.1524999141693115,3.0899999141693115,3.119999885559082,586800
2018-07-27,3.125,3.137500047683716,3.0999999046325684,3.0999999046325684,304800
2018-07-30,3.1624999046325684,3.1700000762939453,3.0950000286102295,3.1449999809265137,588800
2018-07-31,3.125,3.1675000190734863,3.0875000953674316,3.1624999046325684,855600
2018-08-01,3.132499933242798,3.1875,3.112499952316284,3.125,932800
2018-08-02,3.202500104904175,3.234999895095825,3.137500047683716,3.1449999809265137,869600
2018-08-03,3.177500009536743,3.237499952316284,3.1649999618530273,3.2249999046325684,607200
2018-08-06,3.244999885559082,3.25,3.202500104904175,3.202500104904175,496000
2018-08-07,3.2249999046325684,3.2725000381469727,3.180000066757202,3.25,1121200
2018-08-08,3.200000047683716,3.244999885559082,3.182499885559082,3.240000009536743,324400
2018-08-09,3.1500000953674316,3.2899999618530273,3.1475000381469727,3.237499952316284,1176400
2018-08-10,3.109999895095825,3.2249999046325684,3.055000066757202,3.1500000953674316,1533200
2018-08-13,3.190000057220459,3.25,3.075000047683716,3.130000114440918,1296400
2018-08-14,3.190000057220459,3.240000009536743,3.1449999809265137,3.192500114440918,557200
2018-08-15,3.137500047683716,3.2325000762939453,3.112499952316284,3.1500000953674316,878000
2018-08-16,3.2200000286102295,3.25,3.115000009536743,3.1624999046325684,1032400
2018-08-17,3.2225000858306885,3.237499952316284,3.134999990463257,3.2100000381469727,829200
2018-08-20,3.1875,3.2225000858306885,3.127500057220459,3.184999942779541,1055200
2018-08-21,3.174999952316284,3.2325000762939453,3.140000104904175,3.1600000858306885,794000
2018-08-22,3.1575000286102295,3.242500066757202,3.137500047683716,3.1649999618530273,1330400
2018-08-23,3.1875,3.200000047683716,3.132499933242798,3.1624999046325684,947200
2018-08-24,3.1600000858306885,3.200000047683716,3.125,3.200000047683716,887600
2018-08-27,3.174999952316284,3.200000047683716,3.140000104904175,3.1600000858306885,592800
2018-08-28,3.174999952316284,3.190000057220459,3.137500047683716,3.1624999046325684,529200
2018-08-29,3.237499952316284,3.240000009536743,3.1624999046325684,3.1675000190734863,1174400
2018-08-30,3.237499952316284,3.244999885559082,3.1600000858306885,3.2274999618530273,826800
2018-08-31,3.2325000762939453,3.322499990463257,3.200000047683716,3.242500066757202,1751200
2018-09-03,3.375,3.4100000858306885,3.2325000762939453,3.2325000762939453,1642800
2018-09-04,3.3375000953674316,3.434999942779541,3.315000057220459,3.375,1420000
2018-09-05,3.3475000858306885,3.372499942779541,3.315000057220459,3.3499999046325684,655600
2018-09-06,3.325000047683716,3.3499999046325684,3.305000066757202,3.3499999046325684,429600
2018-09-10,3.325000047683716,3.3975000381469727,3.305000066757202,3.3399999141693115,836400
2018-09-11,3.25,3.315000057220459,3.2274999618530273,3.305000066757202,1448800
2018-09-12,3.2750000953674316,3.307499885559082,3.252500057220459,3.252500057220459,371200
2018-09-13,3.299999952316284,3.315000057220459,3.259999990463257,3.2799999713897705,835200
2018-09-14,3.262500047683716,3.325000047683716,3.259999990463257,3.299999952316284,380800
2018-09-17,3.259999990463257,3.3125,3.247499942779541,3.247499942779541,859600
2018-09-18,3.259999990463257,3.322499990463257,3.237499952316284,3.2725000381469727,1493600
2018-09-19,3.2750000953674316,3.307499885559082,3.242500066757202,3.242500066757202,818800
2018-09-20,3.2750000953674316,3.319999933242798,3.257499933242798,3.2774999141693115,508800
2018-09-21,3.307499885559082,3.3450000286102295,3.2699999809265137,3.2825000286102295,6975200
2018-09-24,3.2899999618530273,3.3424999713897705,3.2799999713897705,3.317500114440918,300400
2018-09-25,3.302500009536743,3.362499952316284,3.237499952316284,3.2674999237060547,736800
2018-09-26,3.325000047683716,3.450000047683716,3.317500114440918,3.317500114440918,1405600
2018-09-27,3.362499952316284,3.384999990463257,3.3375000953674316,3.3375000953674316,622800
2018-09-28,3.3125,3.3424999713897705,3.302500009536743,3.3424999713897705,669200
2018-10-01,3.237499952316284,3.327500104904175,3.234999895095825,3.322499990463257,1195600
2018-10-02,3.2750000953674316,3.327500104904175,3.2674999237060547,3.299999952316284,688800
2018-10-03,3.3499999046325684,3.362499952316284,3.302500009536743,3.319999933242798,1130400
2018-10-04,3.3499999046325684,3.375,3.2950000762939453,3.3475000858306885,632000
2018-10-05,3.325000047683716,3.382499933242798,3.302500009536743,3.375,377200
2018-10-08,3.367500066757202,3.447499990463257,3.3450000286102295,3.387500047683716,769200
2018-10-09,3.432499885559082,3.450000047683716,3.3524999618530273,3.3524999618530273,956800
2018-10-10,3.359999895095825,3.450000047683716,3.3499999046325684,3.382499933242798,4017600
2018-10-11,3.319999933242798,3.4124999046325684,3.302500009536743,3.384999990463257,550400
2018-10-15,3.3324999809265137,3.3499999046325684,3.297499895095825,3.309999942779541,520400
2018-10-16,3.3924999237060547,3.3975000381469727,3.319999933242798,3.3324999809265137,419200
2018-10-17,3.375,3.390000104904175,3.3475000858306885,3.382499933242798,530000
2018-10-18,3.3350000381469727,3.387500047683716,3.3125,3.375,254800
2018-10-19,3.362499952316284,3.375,3.315000057220459,3.3499999046325684,552800
2018-10-22,3.375,3.390000104904175,3.3475000858306885,3.365000009536743,717200
2018-10-23,3.4000000953674316,3.4000000953674316,3.322499990463257,3.3475000858306885,601600
2018-10-24,3.4000000953674316,3.432499885559082,3.384999990463257,3.4000000953674316,936000
2018-10-25,3.4600000381469727,3.4825000762939453,3.4000000953674316,3.4000000953674316,756400
2018-10-26,3.4574999809265137,3.497499942779541,3.422499895095825,3.4749999046325684,1558400
2018-10-29,3.4124999046325684,3.487499952316284,3.25,3.4825000762939453,2131600
2018-10-30,3.450000047683716,3.484999895095825,3.390000104904175,3.424999952316284,1364000
2018-10-31,3.450000047683716,3.4749999046325684,3.387500047683716,3.4625000953674316,1556000
2018-11-01,3.450000047683716,3.4700000286102295,3.430000066757202,3.450000047683716,1097200
2018-11-05,3.452500104904175,3.4749999046325684,3.440000057220459,3.440000057220459,1026000
2018-11-06,3.434999942779541,3.497499942779541,3.4024999141693115,3.434999942779541,8229600
2018-11-07,3.450000047683716,3.4774999618530273,3.442500114440918,3.450000047683716,2278400
2018-11-08,3.450000047683716,3.4674999713897705,3.4200000762939453,3.4549999237060547,957200
2018-11-09,3.487499952316284,3.572499990463257,3.442500114440918,3.4800000190734863,4617200
2018-11-12,3.4749999046325684,3.5425000190734863,3.4674999713897705,3.4825000762939453,3602400
2018-11-13,3.4749999046325684,3.5299999713897705,3.4649999141693115,3.4825000762939453,2212000
2018-11-14,3.5250000953674316,3.549999952316284,3.4774999618530273,3.505000114440918,4502000
2018-11-16,3.5250000953674316,3.559999942779541,3.507499933242798,3.5250000953674316,4029200
2018-11-19,3.490000009536743,3.547499895095825,3.487499952316284,3.5325000286102295,1584400
2018-11-21,3.4774999618530273,3.5274999141693115,3.4649999141693115,3.4674999713897705,3800000
2018-11-22,3.4725000858306885,3.494999885559082,3.4674999713897705,3.4825000762939453,1662800
2018-11-23,3.490000009536743,3.5250000953674316,3.440000057220459,3.4825000762939453,1551200
2018-11-26,3.549999952316284,3.567500114440918,3.492500066757202,3.515000104904175,11116400
2018-11-27,3.625,3.6424999237060547,3.5625,3.569999933242798,2238000
2018-11-28,3.625,3.6549999713897705,3.5975000858306885,3.627500057220459,2652400
2018-11-29,3.615000009536743,3.6449999809265137,3.5875000953674316,3.619999885559082,1138800
2018-11-30,3.5625,3.6449999809265137,3.5625,3.6075000762939453,8504400
2018-12-03,3.5850000381469727,3.6500000953674316,3.5850000381469727,3.5899999141693115,1911200
2018-12-04,3.6500000953674316,3.694999933242798,3.5999999046325684,3.5999999046325684,1826000
2018-12-05,3.6624999046325684,3.682499885559082,3.6050000190734863,3.6424999237060547,1437200
2018-12-06,3.7125000953674316,3.7225000858306885,3.640000104904175,3.672499895095825,5078800
2018-12-07,3.7249999046325684,3.75,3.6875,3.7249999046325684,2853200
2018-12-10,3.7100000381469727,3.7825000286102295,3.694999933242798,3.7200000286102295,1768400
2018-12-11,3.9000000953674316,3.934999942779541,3.737499952316284,3.737499952316284,3931200
2018-12-12,3.9075000286102295,3.9800000190734863,3.877500057220459,3.9175000190734863,1732400
2018-12-13,3.950000047683716,3.9749999046325684,3.9075000286102295,3.930000066757202,1894400
2018-12-14,3.992500066757202,4.0,3.9375,3.950000047683716,1861200
2018-12-17,3.9774999618530273,4.065000057220459,3.940000057220459,3.990000009536743,10532800
2018-12-18,4.025000095367432,4.074999809265137,3.9800000190734863,3.987499952316284,1448800
2018-12-19,3.9749999046325684,4.065000057220459,3.9625000953674316,4.065000057220459,963200
2018-12-20,3.9600000381469727,4.022500038146973,3.934999942779541,3.9749999046325684,1131600
2018-12-21,3.9774999618530273,4.007500171661377,3.9600000381469727,4.002500057220459,930000
2018-12-26,3.9124999046325684,3.9625000953674316,3.877500057220459,3.9625000953674316,866800
2018-12-27,3.990000009536743,4.03000020980835,3.887500047683716,3.9149999618530273,1370400
2018-12-28,4.022500038146973,4.102499961853027,3.984999895095825,3.990000009536743,2055600
2019-01-02,4.177499771118164,4.222499847412109,4.0,4.0,2000800
2019-01-03,4.199999809265137,4.264999866485596,4.125,4.1875,1920000
2019-01-04,4.237500190734863,4.264999866485596,4.212500095367432,4.257500171661377,1129200
2019-01-07,4.244999885559082,4.272500038146973,4.1875,4.237500190734863,793200
2019-01-08,4.247499942779541,4.257500171661377,4.212500095367432,4.239999771118164,806800
2019-01-09,4.269999980926514,4.322500228881836,4.224999904632568,4.255000114440918,1680800
2019-01-10,4.322500228881836,4.332499980926514,4.260000228881836,4.260000228881836,3592800
2019-01-11,4.34250020980835,4.432499885559082,4.315000057220459,4.322500228881836,2867600
2019-01-14,4.387499809265137,4.40749979019165,4.357500076293945,4.382500171661377,1958400
2019-01-15,4.400000095367432,4.432499885559082,4.375,4.402500152587891,1865200
2019-01-16,4.420000076293945,4.447500228881836,4.375,4.417500019073486,667600
2019-01-17,4.434999942779541,4.440000057220459,4.397500038146973,4.427499771118164,697200
2019-01-18,4.377500057220459,4.5,4.332499980926514,4.445000171661377,1410000
2019-01-21,4.362500190734863,4.385000228881836,4.302499771118164,4.304999828338623,898800
2019-01-22,4.425000190734863,4.460000038146973,4.332499980926514,4.349999904632568,1539600
2019-01-23,4.425000190734863,4.46999979019165,4.400000095367432,4.449999809265137,2126800
2019-01-24,4.482500076293945,4.570000171661377,4.462500095367432,4.537499904632568,6199600
2019-01-28,4.574999809265137,4.627500057220459,4.449999809265137,4.472499847412109,9023600
2019-01-29,4.664999961853027,4.699999809265137,4.602499961853027,4.602499961853027,3357200
2019-01-30,4.712500095367432,4.715000152587891,4.630000114440918,4.675000190734863,2709200
2019-01-31,4.627500057220459,4.744999885559082,4.625,4.712500095367432,3374000
2019-02-01,4.724999904632568,4.737500190734863,4.582499980926514,4.650000095367432,2367600
2019-02-04,4.702499866485596,4.747499942779541,4.692500114440918,4.727499961853027,1531600
2019-02-05,4.702499866485596,4.739999771118164,4.677499771118164,4.699999809265137,1807200
2019-02-06,4.612500190734863,4.710000038146973,4.612500190734863,4.692500114440918,2472000
2019-02-07,4.630000114440918,4.662499904632568,4.542500019073486,4.607500076293945,1212400
2019-02-08,4.550000190734863,4.622499942779541,4.46999979019165,4.612500190734863,1787200
2019-02-11,4.5,4.607500076293945,4.472499847412109,4.570000171661377,2885600
2019-02-12,4.514999866485596,4.550000190734863,4.489999771118164,4.527500152587891,3894800
2019-02-13,4.512499809265137,4.587500095367432,4.487500190734863,4.517499923706055,2384000
2019-02-14,4.650000095367432,4.675000190734863,4.497499942779541,4.514999866485596,2752800
2019-02-15,4.71999979019165,4.730000019073486,4.642499923706055,4.652500152587891,1642000
2019-02-18,4.677499771118164,4.712500095367432,4.612500190734863,4.712500095367432,1563600
2019-02-19,4.757500171661377,4.815000057220459,4.677499771118164,4.712500095367432,4141200
2019-02-20,4.699999809265137,4.857500076293945,4.677499771118164,4.784999847412109,2394000
2019-02-21,4.667500019073486,4.742499828338623,4.5625,4.724999904632568,1515600
2019-02-22,4.659999847412109,4.704999923706055,4.574999809265137,4.662499904632568,1207600
2019-02-25,4.677499771118164,4.6875,4.574999809265137,4.659999847412109,2552000
2019-02-26,4.65749979019165,4.6875,4.617499828338623,4.6875,1386000
2019-02-27,4.692500114440918,4.692500114440918,4.597499847412109,4.659999847412109,1973200
2019-02-28,4.672500133514404,4.697500228881836,4.622499942779541,4.692500114440918,1528800
2019-03-01,4.625,4.692500114440918,4.599999904632568,4.662499904632568,1378400
2019-03-06,4.6875,4.760000228881836,4.582499980926514,4.75,2476000
2019-03-07,4.625,4.6875,4.602499961853027,4.6875,1613600
2019-03-08,4.639999866485596,4.737500190734863,4.590000152587891,4.59499979019165,2413600
2019-03-11,4.650000095367432,4.732500076293945,4.632500171661377,4.642499923706055,1974800
2019-03-12,4.724999904632568,4.777500152587891,4.614999771118164,4.65500020980835,2256000
2019-03-13,4.715000152587891,4.784999847412109,4.695000171661377,4.727499961853027,2858400
2019-03-14,4.78249979019165,4.800000190734863,4.71750020980835,4.71999979019165,2197600
2019-03-15,4.574999809265137,4.855000019073486,4.574999809265137,4.797500133514404,7352400
2019-03-18,4.670000076293945,4.699999809265137,4.607500076293945,4.647500038146973,3097200
2019-03-19,4.730000019073486,4.752500057220459,4.630000114440918,4.692500114440918,2410800
2019-03-20,4.590000152587891,4.764999866485596,4.590000152587891,4.747499942779541,2686800
2019-03-21,4.630000114440918,4.662499904632568,4.552499771118164,4.587500095367432,3086400
2019-03-22,4.635000228881836,4.635000228881836,4.489999771118164,4.587500095367432,3692800
2019-03-25,4.587500095367432,4.642499923706055,4.587500095367432,4.605000019073486,2272400
2019-03-26,4.650000095367432,4.679999828338623,4.599999904632568,4.637499809265137,2805200
2019-03-27,4.474999904632568,4.625,4.4375,4.625,2669600
2019-03-28,4.557499885559082,4.557499885559082,4.4375,4.4375,1503200
2019-03-29,4.625,4.662499904632568,4.567500114440918,4.587500095367432,2588400
2019-04-01,4.650000095367432,4.692500114440918,4.605000019073486,4.627500057220459,1871600
2019-04-02,4.699999809265137,4.822500228881836,4.652500152587891,4.675000190734863,1960800
2019-04-03,4.675000190734863,4.78249979019165,4.675000190734863,4.727499961853027,1418000
2019-04-04,4.625,4.722499847412109,4.614999771118164,4.702499866485596,2170400
2019-04-05,4.847499847412109,4.947500228881836,4.742499828338623,4.747499942779541,58098000
2019-04-08,4.824999809265137,4.912499904632568,4.800000190734863,4.872499942779541,6062000
2019-04-09,4.900000095367432,4.922500133514404,4.722499847412109,4.824999809265137,11109600
2019-04-10,4.900000095367432,4.932499885559082,4.829999923706055,4.925000190734863,4141200
2019-04-11,4.829999923706055,4.909999847412109,4.787499904632568,4.887499809265137,7644000
2019-04-12,4.804999828338623,4.804999828338623,4.755000114440918,4.802499771118164,5122400
2019-04-15,4.847499847412109,4.862500190734863,4.78000020980835,4.807499885559082,3280000
2019-04-16,4.849999904632568,4.934999942779541,4.824999809265137,4.835000038146973,3448400
2019-04-17,4.847499847412109,4.90500020980835,4.78000020980835,4.894999980926514,3099200
2019-04-18,4.875,4.875,4.809999942779541,4.872499942779541,2034400
2019-04-22,4.827499866485596,4.932499885559082,4.822500228881836,4.835000038146973,4704800
2019-04-23,4.987500190734863,5.019999980926514,4.862500190734863,4.862500190734863,5132000
2019-04-24,4.889999866485596,5.025000095367432,4.880000114440918,4.989999771118164,3744400
2019-04-25,4.9375,4.980000019073486,4.840000152587891,4.932499885559082,5720800
2019-04-26,4.949999809265137,4.992499828338623,4.912499904632568,4.9375,1063200
2019-04-29,4.900000095367432,4.982500076293945,4.877500057220459,4.949999809265137,2079600
2019-04-30,4.96750020980835,4.974999904632568,4.90749979019165,4.912499904632568,21219200
2019-05-02,5.087500095367432,5.147500038146973,4.934999942779541,4.960000038146973,3719200
2019-05-03,4.962500095367432,5.125,4.962500095367432,5.125,2872400
2019-05-06,5.0,5.012499809265137,4.800000190734863,4.934999942779541,4272400
2019-05-07,5.122499942779541,5.122499942779541,4.985000133514404,5.0,4927600
2019-05-08,5.1875,5.244999885559082,5.107500076293945,5.107500076293945,10637200
2019-05-09,5.087500095367432,5.21999979019165,5.047500133514404,5.1875,2920400
2019-05-10,5.172500133514404,5.184999942779541,5.085000038146973,5.087500095367432,3411200
2019-05-13,5.147500038146973,5.15500020980835,5.047500133514404,5.150000095367432,4033200
2019-05-14,5.172500133514404,5.224999904632568,5.072500228881836,5.190000057220459,3111600
2019-05-15,5.110000133514404,5.15749979019165,5.027500152587891,5.15749979019165,3249200
2019-05-16,5.122499942779541,5.137499809265137,5.045000076293945,5.085000038146973,2974800
2019-05-17,5.112500190734863,5.125,5.03000020980835,5.072500228881836,2528000
2019-05-20,5.074999809265137,5.242499828338623,5.054999828338623,5.112500190734863,14414000
2019-05-21,5.175000190734863,5.235000133514404,5.074999809265137,5.074999809265137,3066000
2019-05-22,5.212500095367432,5.269999980926514,5.199999809265137,5.210000038146973,10344800
2019-05-23,5.275000095367432,5.289999961853027,5.150000095367432,5.212500095367432,14219200
2019-05-24,5.275000095367432,5.349999904632568,5.184999942779541,5.302499771118164,7245600
2019-05-27,5.297500133514404,5.3125,5.257500171661377,5.3125,1126000
2019-05-28,5.320000171661377,5.322500228881836,5.212500095367432,5.3125,5414800
2019-05-29,5.349999904632568,5.427499771118164,5.272500038146973,5.309999942779541,6479600
2019-05-30,5.375,5.387499809265137,5.300000190734863,5.349999904632568,3036000
2019-05-31,5.6875,5.752500057220459,5.372499942779541,5.375,23397200
2019-06-03,5.675000190734863,5.789999961853027,5.617499828338623,5.769999980926514,10744800
2019-06-04,5.809999942779541,5.835000038146973,5.642499923706055,5.670000076293945,4633600
2019-06-05,5.837500095367432,6.0,5.777500152587891,5.824999809265137,12981600
2019-06-06,5.837500095367432,5.997499942779541,5.8125,5.872499942779541,4737600
2019-06-07,5.837500095367432,5.875,5.802499771118164,5.852499961853027,1778800
2019-06-10,5.71750020980835,5.84499979019165,5.71750020980835,5.837500095367432,2114800
2019-06-11,5.764999866485596,5.789999961853027,5.65500020980835,5.772500038146973,4030400
2019-06-12,5.672500133514404,5.78249979019165,5.632500171661377,5.75,1482400
2019-06-13,5.875,5.96750020980835,5.724999904632568,5.755000114440918,8049200
2019-06-14,5.789999961853027,5.96999979019165,5.789999961853027,5.940000057220459,3206400
2019-06-17,5.800000190734863,5.829999923706055,5.777500152587891,5.817500114440918,2597600
2019-06-18,5.847499847412109,5.877500057220459,5.802499771118164,5.804999828338623,2375600
2019-06-19,5.902500152587891,5.902500152587891,5.690000057220459,5.852499961853027,3489200
2019-06-21,5.869999885559082,5.945000171661377,5.829999923706055,5.900000095367432,4174000
2019-06-24,5.957499980926514,6.099999904632568,5.875,5.922500133514404,5262800
2019-06-25,5.8125,6.0625,5.755000114440918,5.972499847412109,5303200
2019-06-26,5.922500133514404,5.965000152587891,5.860000133514404,5.900000095367432,2918800
2019-06-27,6.0,6.0,5.824999809265137,5.909999847412109,2389200
2019-06-28,6.03000020980835,6.082499980926514,5.96750020980835,6.025000095367432,3467200
2019-07-01,6.222499847412109,6.227499961853027,6.052499771118164,6.114999771118164,4126400
2019-07-02,6.167500019073486,6.255000114440918,6.067500114440918,6.247499942779541,3405600
2019-07-03,6.235000133514404,6.235000133514404,6.105000019073486,6.167500019073486,2593200
2019-07-04,6.367499828338623,6.367499828338623,6.199999809265137,6.252500057220459,2809600
2019-07-05,6.429999828338623,6.429999828338623,6.292500019073486,6.367499828338623,2076400
2019-07-08,6.5,6.707499980926514,6.412499904632568,6.429999828338623,4604800
2019-07-10,6.525000095367432,6.644999980926514,6.420000076293945,6.610000133514404,15815600
2019-07-11,6.559999942779541,6.599999904632568,6.489999771118164,6.574999809265137,4474000
2019-07-12,6.400000095367432,6.599999904632568,6.380000114440918,6.559999942779541,4525600
2019-07-15,6.367499828338623,6.46999979019165,6.324999809265137,6.400000095367432,6293600
2019-07-16,6.372499942779541,6.447500228881836,6.347499847412109,6.400000095367432,3526000
2019-07-17,6.462500095367432,6.5,6.335000038146973,6.372499942779541,3337200
2019-07-18,6.4375,6.505000114440918,6.377500057220459,6.497499942779541,5961200
2019-07-19,6.434999942779541,6.465000152587891,6.34250020980835,6.4375,1936400
2019-07-22,6.420000076293945,6.472499847412109,6.260000228881836,6.472499847412109,7948400
2019-07-23,6.412499904632568,6.432499885559082,6.355000019073486,6.425000190734863,2379600
2019-07-24,6.387499809265137,6.412499904632568,6.34250020980835,6.412499904632568,3049200
2019-07-25,6.269999980926514,6.394999980926514,6.150000095367432,6.394999980926514,3557600
2019-07-26,6.257500171661377,6.275000095367432,6.15749979019165,6.269999980926514,3197200
2019-07-29,6.332499980926514,6.332499980926514,6.177499771118164,6.284999847412109,1708800
2019-07-30,6.397500038146973,6.397500038146973,6.247499942779541,6.340000152587891,2843600
2019-07-31,6.46999979019165,6.46999979019165,6.3125,6.402500152587891,4694800
2019-08-01,6.537499904632568,6.550000190734863,6.420000076293945,6.46999979019165,6527600
2019-08-02,6.5,6.567500114440918,6.487500190734863,6.559999942779541,5369600
2019-08-05,6.380000114440918,6.492499828338623,6.347499847412109,6.417500019073486,4945200
2019-08-06,6.512499809265137,6.527500152587891,6.327499866485596,6.402500152587891,2870000
2019-08-07,6.597499847412109,6.597499847412109,6.409999847412109,6.510000228881836,2534800
2019-08-08,6.6875,6.695000171661377,6.579999923706055,6.599999904632568,3184000
2019-08-09,6.75,6.764999866485596,6.617499828338623,6.6875,2976000
2019-08-12,6.670000076293945,6.732500076293945,6.565000057220459,6.692500114440918,10130800
2019-08-13,6.704999923706055,6.75,6.582499980926514,6.664999961853027,5754800
2019-08-14,6.650000095367432,6.75,6.570000171661377,6.707499980926514,4340800
2019-08-15,6.537499904632568,6.597499847412109,6.349999904632568,6.572500228881836,7532800
2019-08-16,6.542500019073486,6.579999923706055,6.307499885559082,6.539999961853027,4205600
2019-08-19,6.447500228881836,6.534999847412109,6.367499828338623,6.5,5422800
2019-08-20,6.385000228881836,6.447500228881836,6.190000057220459,6.447500228881836,12240800
2019-08-21,6.487500190734863,6.534999847412109,6.327499866485596,6.402500152587891,3180000
2019-08-22,6.367499828338623,6.59250020980835,6.275000095367432,6.534999847412109,3935600
2019-08-23,6.360000133514404,6.375,6.235000133514404,6.289999961853027,2833600
2019-08-26,6.25,6.377500057220459,6.227499961853027,6.302499771118164,8506800
2019-08-27,6.389999866485596,6.392499923706055,6.199999809265137,6.227499961853027,4089200
2019-08-28,6.432499885559082,6.487500190734863,6.275000095367432,6.324999809265137,3076400
2019-08-29,6.422500133514404,6.452499866485596,6.304999828338623,6.422500133514404,3824000
2019-08-30,6.712500095367432,6.712500095367432,6.362500190734863,6.432499885559082,6653600
2019-09-02,6.6875,6.71999979019165,6.585000038146973,6.662499904632568,3957600
2019-09-03,6.525000095367432,6.732500076293945,6.5,6.675000190734863,4251600
2019-09-04,6.522500038146973,6.574999809265137,6.355000019073486,6.550000190734863,4192800
2019-09-05,6.527500152587891,6.617499828338623,6.432499885559082,6.525000095367432,4353600
2019-09-06,6.53249979019165,6.587500095367432,6.389999866485596,6.572500228881836,4993600
2019-09-09,6.377500057220459,6.53249979019165,6.362500190734863,6.53249979019165,7380800
2019-09-10,6.327499866485596,6.382500171661377,6.242499828338623,6.375,4862000
2019-09-11,6.622499942779541,6.622499942779541,6.329999923706055,6.375,5300800
2019-09-12,6.6875,6.697500228881836,6.5625,6.65500020980835,2357200
2019-09-13,6.697500228881836,6.724999904632568,6.570000171661377,6.697500228881836,3115600
2019-09-16,6.659999847412109,6.822500228881836,6.599999904632568,6.707499980926514,4907600
2019-09-17,6.737500190734863,6.752500057220459,6.577499866485596,6.659999847412109,2331200
2019-09-18,6.772500038146973,6.772500038146973,6.667500019073486,6.735000133514404,4364400
2019-09-19,7.0,7.122499942779541,6.752500057220459,6.787499904632568,6438400
2019-09-20,7.097499847412109,7.097499847412109,6.8125,7.0,5970000
2019-09-23,7.067500114440918,7.175000190734863,6.9375,7.097499847412109,5340400
2019-09-24,7.287499904632568,7.465000152587891,7.112500190734863,7.460000038146973,11281600
2019-09-25,7.400000095367432,7.400000095367432,7.267499923706055,7.322500228881836,7598800
2019-09-26,7.53000020980835,7.559999942779541,7.3125,7.375,6790400
2019-09-27,7.590000152587891,7.632500171661377,7.46999979019165,7.539999961853027,6700400
2019-09-30,7.667500019073486,7.742499828338623,7.559999942779541,7.597499847412109,8934000
2019-10-01,7.710000038146973,7.827499866485596,7.630000114440918,7.715000152587891,4177200
2019-10-02,7.724999904632568,7.732500076293945,7.567500114440918,7.710000038146973,5094800
2019-10-03,7.550000190734863,7.724999904632568,7.505000114440918,7.724999904632568,7294000
2019-10-04,7.550000190734863,7.642499923706055,7.425000190734863,7.552499771118164,8882800
2019-10-07,7.332499980926514,7.512499809265137,7.332499980926514,7.5,4844400
2019-10-08,7.3125,7.420000076293945,7.162499904632568,7.337500095367432,5821600
2019-10-09,7.375,7.425000190734863,7.215000152587891,7.414999961853027,6975600
2019-10-10,7.287499904632568,7.412499904632568,7.242499828338623,7.412499904632568,8262800
2019-10-11,7.429999828338623,7.445000171661377,7.224999904632568,7.317500114440918,4824000
2019-10-14,7.4375,7.505000114440918,7.364999771118164,7.465000152587891,2672400
2019-10-15,7.420000076293945,7.489999771118164,7.377500057220459,7.4375,2802000
2019-10-16,7.387499809265137,7.417500019073486,7.175000190734863,7.409999847412109,4830000
2019-10-17,7.402500152587891,7.457499980926514,7.302499771118164,7.387499809265137,3242000
2019-10-18,7.757500171661377,7.809999942779541,7.315000057220459,7.449999809265137,6841600
2019-10-21,7.835000038146973,7.867499828338623,7.65500020980835,7.829999923706055,4945200
2019-10-22,7.722499847412109,7.889999866485596,7.707499980926514,7.835000038146973,4439600
2019-10-23,7.744999885559082,7.769999980926514,7.565000057220459,7.747499942779541,4368800
2019-10-24,7.772500038146973,7.772500038146973,7.612500190734863,7.757500171661377,3351200
2019-10-25,7.71999979019165,7.772500038146973,7.637499809265137,7.772500038146973,3460000
2019-10-28,7.772500038146973,7.804999828338623,7.664999961853027,7.682499885559082,2464400
2019-10-29,8.0625,8.104999542236328,7.690000057220459,7.769999980926514,7633200
2019-10-30,8.265000343322754,8.265000343322754,8.0,8.052499771118164,7260800
2019-10-31,8.217499732971191,8.342499732971191,8.157500267028809,8.274999618530273,6784400
2019-11-01,8.207500457763672,8.442500114440918,8.170000076293945,8.302499771118164,7946400
2019-11-04,8.104999542236328,8.204999923706055,8.050000190734863,8.177499771118164,3921200
2019-11-05,8.077500343322754,8.137499809265137,7.952499866485596,8.104999542236328,4149200
2019-11-06,8.100000381469727,8.100000381469727,7.712500095367432,7.922500133514404,14079200
2019-11-07,8.845000267028809,8.989999771118164,8.114999771118164,8.147500038146973,19834000
2019-11-08,8.779999732971191,8.807499885559082,8.642499923706055,8.800000190734863,5583600
2019-11-11,8.922499656677246,8.922499656677246,8.702500343322754,8.75,4023600
2019-11-12,8.787500381469727,8.922499656677246,8.732500076293945,8.922499656677246,5020400
2019-11-13,8.699999809265137,8.824999809265137,8.604999542236328,8.824999809265137,6515600
2019-11-14,8.885000228881836,8.885000228881836,8.657500267028809,8.712499618530273,4531200
2019-11-18,9.149999618530273,9.225000381469727,8.817500114440918,8.90250015258789,6968800
2019-11-19,8.967499732971191,9.367500305175781,8.925000190734863,9.149999618530273,12036800
2019-11-21,9.100000381469727,9.104999542236328,8.932499885559082,8.97249984741211,4596000
2019-11-22,9.297499656677246,9.404999732971191,9.100000381469727,9.100000381469727,7854800
2019-11-25,9.274999618530273,9.407500267028809,9.1850004196167,9.297499656677246,4661200
2019-11-26,9.567500114440918,9.567500114440918,9.194999694824219,9.274999618530273,3642000
2019-11-27,9.512499809265137,9.6225004196167,9.300000190734863,9.6225004196167,6987200
2019-11-28,9.5,9.542499542236328,9.375,9.539999961853027,3314000
2019-11-29,9.524999618530273,9.602499961853027,9.399999618530273,9.484999656677246,3557600
2019-12-02,9.444999694824219,9.667499542236328,9.357500076293945,9.552499771118164,3880400
2019-12-03,9.449999809265137,9.4975004196167,9.132499694824219,9.4375,11296000
2019-12-04,9.487500190734863,9.550000190734863,9.364999771118164,9.494999885559082,11076400
2019-12-05,9.734999656677246,9.734999656677246,9.430000305175781,9.550000190734863,8423600
2019-12-06,9.699999809265137,9.914999961853027,9.6899995803833,9.75,5986800
2019-12-09,9.694999694824219,9.857500076293945,9.585000038146973,9.857500076293945,4304800
2019-12-10,9.75,9.774999618530273,9.614999771118164,9.737500190734863,3352000
2019-12-11,10.0600004196167,10.0600004196167,9.767499923706055,9.817500114440918,5978400
2019-12-12,9.892499923706055,10.2524995803833,9.869999885559082,10.0600004196167,8934800
2019-12-13,9.97249984741211,10.114999771118164,9.857500076293945,9.914999961853027,7762800
2019-12-16,10.074999809265137,10.125,9.9375,9.97249984741211,7316800
2019-12-17,10.09749984741211,10.112500190734863,9.90250015258789,10.112500190734863,4502800
2019-12-18,10.262499809265137,10.327500343322754,9.994999885559082,10.125,5348000
2019-12-19,10.649999618530273,10.795000076293945,10.262499809265137,10.262499809265137,8706000
2019-12-20,10.819999694824219,10.819999694824219,10.529999732971191,10.65250015258789,4416800
2019-12-23,10.737500190734863,10.859999656677246,10.552499771118164,10.859999656677246,9224400
2019-12-26,10.819999694824219,10.819999694824219,10.609999656677246,10.737500190734863,6913600
2019-12-27,10.9375,10.9375,10.664999961853027,10.822500228881836,4934000
2019-12-30,10.922499656677246,11.074999809265137,10.824999809265137,10.9375,4858000
